title,name,link
Calycadenia oppositifolia Greene,Hemizonia oppositifolia Greene,https://powo.science.kew.org/taxon/urn:lsid:ipni.org:names:42909-2
Armatocereus godingianus (Britton & Rose) Backeb.,Lemaireocereus godingianus Britton & Rose,https://powo.science.kew.org/taxon/urn:lsid:ipni.org:names:19744-2
Armatocereus procerus Rauh & Backeb.,Armatocereus procerus var. armatus F.Ritter,https://powo.science.kew.org/taxon/urn:lsid:ipni.org:names:19749-2
Armatocereus ghiesbreghtii (K.Schum.) F.Ritter,Cereus ghiesbreghtii K.Schum.,https://powo.science.kew.org/taxon/urn:lsid:ipni.org:names:50916306-1
Calycadenia spicata Greene,Hemizonia spicata Greene,https://powo.science.kew.org/taxon/urn:lsid:ipni.org:names:42913-2
Calycadenia truncata DC.,Calycadenia scabrella Greene,https://powo.science.kew.org/taxon/urn:lsid:ipni.org:names:188140-1
Calycadenia truncata DC.,Calycadenia truncata subsp. microcephala H.M.Hall ex D.D.Keck,https://powo.science.kew.org/taxon/urn:lsid:ipni.org:names:188140-1
Calycadenia truncata DC.,Calycadenia truncata var. scabrella (Drew) Jeps.,https://powo.science.kew.org/taxon/urn:lsid:ipni.org:names:188140-1
Calycadenia truncata DC.,Calycadenia truncata subsp. scabrella (Drew) D.D.Keck,https://powo.science.kew.org/taxon/urn:lsid:ipni.org:names:188140-1
Calycadenia truncata DC.,Hemizonia scabrella Drew,https://powo.science.kew.org/taxon/urn:lsid:ipni.org:names:188140-1
Calycadenia truncata DC.,Hemizonia truncata A.Gray,https://powo.science.kew.org/taxon/urn:lsid:ipni.org:names:188140-1
Calycadenia truncata DC.,Hemizonia truncata subsp. scabrella (Drew) D.D.Keck,https://powo.science.kew.org/taxon/urn:lsid:ipni.org:names:188140-1
Calycadenia truncata DC.,Lagophylla scabrella M.E.Jones,https://powo.science.kew.org/taxon/urn:lsid:ipni.org:names:188140-1
Camptacra barbata N.T.Burb.,Camptacra brachycomoides f. arachnoidea N.T.Burb.,https://powo.science.kew.org/taxon/urn:lsid:ipni.org:names:899406-1
Camptacra barbata N.T.Burb.,Camptacra gracilis f. arachnoidea (N.T.Burb.) Lander,https://powo.science.kew.org/taxon/urn:lsid:ipni.org:names:899406-1
Calycadenia pauciflora A.Gray,Calycadenia ramulosa Greene,https://powo.science.kew.org/taxon/urn:lsid:ipni.org:names:188134-1
Calycadenia pauciflora A.Gray,Hemizonia pauciflora A.Gray,https://powo.science.kew.org/taxon/urn:lsid:ipni.org:names:188134-1
Armatocereus cartwrightianus Backeb.,Armatocereus cartwrightianus var. longispinus Backeb.,https://powo.science.kew.org/taxon/urn:lsid:ipni.org:names:128877-1
Armatocereus cartwrightianus Backeb.,Cereus cartwrightianus (Britton & Rose) Werderm.,https://powo.science.kew.org/taxon/urn:lsid:ipni.org:names:128877-1
Armatocereus cartwrightianus Backeb.,Lemaireocereus cartwrightianus Britton & Rose,https://powo.science.kew.org/taxon/urn:lsid:ipni.org:names:128877-1
Calorezia nutans (Less.) Panero,Perezia nutans Less.,https://powo.science.kew.org/taxon/urn:lsid:ipni.org:names:77084937-1
Calorezia nutans (Less.) Panero,Perdicium nutans Poepp. ex DC.,https://powo.science.kew.org/taxon/urn:lsid:ipni.org:names:77084937-1
Calorezia nutans (Less.) Panero,Perezia gayana DC.,https://powo.science.kew.org/taxon/urn:lsid:ipni.org:names:77084937-1
Calorezia nutans (Less.) Panero,Perezia perfoliata J.Rémy,https://powo.science.kew.org/taxon/urn:lsid:ipni.org:names:77084937-1
Camptacra robusta A.R.Bean,Camptacra brachycomoides f. lanata N.T.Burb.,https://powo.science.kew.org/taxon/urn:lsid:ipni.org:names:77211797-1
Camptacra robusta A.R.Bean,Camptacra gracilis f. lanata (N.T.Burb.) Lander,https://powo.science.kew.org/taxon/urn:lsid:ipni.org:names:77211797-1
Camptacra robusta A.R.Bean,Vittadinia brachycomoides var. latifolia Benth.,https://powo.science.kew.org/taxon/urn:lsid:ipni.org:names:77211797-1
Campuloclinium alternifolium Gardner,Ageratum alternifolium Baker,https://powo.science.kew.org/taxon/urn:lsid:ipni.org:names:188180-1
Calycadenia multiglandulosa DC.,Calycadenia bicolor Greene,https://powo.science.kew.org/taxon/urn:lsid:ipni.org:names:188132-1
Calycadenia multiglandulosa DC.,Calycadenia campestris Greene,https://powo.science.kew.org/taxon/urn:lsid:ipni.org:names:188132-1
Calycadenia multiglandulosa DC.,Calycadenia cephalotes DC.,https://powo.science.kew.org/taxon/urn:lsid:ipni.org:names:188132-1
Calycadenia multiglandulosa DC.,Calycadenia hispida Greene,https://powo.science.kew.org/taxon/urn:lsid:ipni.org:names:188132-1
Calycadenia multiglandulosa DC.,Calycadenia hispida f. albiflora D.D.Keck,https://powo.science.kew.org/taxon/urn:lsid:ipni.org:names:188132-1
Calycadenia multiglandulosa DC.,Calycadenia hispida subsp. reducta D.D.Keck,https://powo.science.kew.org/taxon/urn:lsid:ipni.org:names:188132-1
Calycadenia multiglandulosa DC.,Calycadenia multiglandulosa subsp. bicolor (Greene) D.D.Keck,https://powo.science.kew.org/taxon/urn:lsid:ipni.org:names:188132-1
Calycadenia multiglandulosa DC.,Calycadenia multiglandulosa var. cephalotes (DC.) Jeps.,https://powo.science.kew.org/taxon/urn:lsid:ipni.org:names:188132-1
Calycadenia multiglandulosa DC.,Calycadenia multiglandulosa subsp. cephalotes (DC.) D.D.Keck,https://powo.science.kew.org/taxon/urn:lsid:ipni.org:names:188132-1
Calycadenia multiglandulosa DC.,Calycadenia multiglandulosa subsp. robusta D.D.Keck,https://powo.science.kew.org/taxon/urn:lsid:ipni.org:names:188132-1
Calycadenia multiglandulosa DC.,Hemizonia cephalotes (DC.) Greene,https://powo.science.kew.org/taxon/urn:lsid:ipni.org:names:188132-1
Calycadenia multiglandulosa DC.,Hemizonia hispida Greene,https://powo.science.kew.org/taxon/urn:lsid:ipni.org:names:188132-1
Calycadenia multiglandulosa DC.,Hemizonia multiglandulosa A.Gray,https://powo.science.kew.org/taxon/urn:lsid:ipni.org:names:188132-1
Calycadenia multiglandulosa DC.,Hemizonia multiglandulosa var. cephalotes (DC.) A.Gray,https://powo.science.kew.org/taxon/urn:lsid:ipni.org:names:188132-1
Camptacra gracilis (Benth.) Lander,Eurybia gracilis Benth.,https://powo.science.kew.org/taxon/urn:lsid:ipni.org:names:944817-1
Camptacra gracilis (Benth.) Lander,Shawia gracilis (Benth.) Sch.Bip.,https://powo.science.kew.org/taxon/urn:lsid:ipni.org:names:944817-1
Camptacra gracilis (Benth.) Lander,Aster brachycomoides F.Muell.,https://powo.science.kew.org/taxon/urn:lsid:ipni.org:names:944817-1
Camptacra gracilis (Benth.) Lander,Camptacra brachycomoides (F.Muell.) N.T.Burb.,https://powo.science.kew.org/taxon/urn:lsid:ipni.org:names:944817-1
Camptacra gracilis (Benth.) Lander,Erigeron brachycomoides (F.Muell.) Boerl.,https://powo.science.kew.org/taxon/urn:lsid:ipni.org:names:944817-1
Camptacra gracilis (Benth.) Lander,Vittadinia brachycomoides (F.Muell.) Benth.,https://powo.science.kew.org/taxon/urn:lsid:ipni.org:names:944817-1
Camptacra gracilis (Benth.) Lander,Vittadinia brachycomoides var. glaberrima Domin,https://powo.science.kew.org/taxon/urn:lsid:ipni.org:names:944817-1
Armatocereus laetus (Kunth) Backeb.,Cactus laetus Kunth,https://powo.science.kew.org/taxon/urn:lsid:ipni.org:names:19746-2
Armatocereus laetus (Kunth) Backeb.,Cereus laetus (Kunth) DC.,https://powo.science.kew.org/taxon/urn:lsid:ipni.org:names:19746-2
Armatocereus laetus (Kunth) Backeb.,Lemaireocereus laetus (Kunth) Britton & Rose,https://powo.science.kew.org/taxon/urn:lsid:ipni.org:names:19746-2
Armatocereus laetus (Kunth) Backeb.,Armatocereus jungo Backeb.,https://powo.science.kew.org/taxon/urn:lsid:ipni.org:names:19746-2
Armatocereus laetus (Kunth) Backeb.,Armatocereus neolaetus Y.Itô,https://powo.science.kew.org/taxon/urn:lsid:ipni.org:names:19746-2
Calycoseris wrightii A.Gray,Calycoseris wrightii var. californica Brandegee,https://powo.science.kew.org/taxon/urn:lsid:ipni.org:names:328776-2
Armatocereus matucanensis Backeb.,Lemaireocereus matucanensis (Backeb.) W.T.Marshall,https://powo.science.kew.org/taxon/urn:lsid:ipni.org:names:19747-2
Armatocereus matucanensis Backeb.,Armatocereus arboreus Rauh & Backeb.,https://powo.science.kew.org/taxon/urn:lsid:ipni.org:names:19747-2
Armatocereus matucanensis Backeb.,Armatocereus churinensis Rauh & Backeb.,https://powo.science.kew.org/taxon/urn:lsid:ipni.org:names:19747-2
Armatocereus matucanensis Backeb.,Armatocereus ghiesbreghtii var. oligogonus (Rauh & Backeb.) F.Ritter,https://powo.science.kew.org/taxon/urn:lsid:ipni.org:names:19747-2
Armatocereus matucanensis Backeb.,Armatocereus mataranus F.Ritter,https://powo.science.kew.org/taxon/urn:lsid:ipni.org:names:19747-2
Armatocereus matucanensis Backeb.,Armatocereus mataranus subsp. ancashensis (F.Ritter) Ostolaza,https://powo.science.kew.org/taxon/urn:lsid:ipni.org:names:19747-2
Armatocereus matucanensis Backeb.,Armatocereus mataranus var. ancashensis F.Ritter,https://powo.science.kew.org/taxon/urn:lsid:ipni.org:names:19747-2
Armatocereus matucanensis Backeb.,Armatocereus oligogonus Rauh & Backeb.,https://powo.science.kew.org/taxon/urn:lsid:ipni.org:names:19747-2
Armatocereus matucanensis Backeb.,Armatocereus riomajensis Rauh & Backeb.,https://powo.science.kew.org/taxon/urn:lsid:ipni.org:names:19747-2
Calycadenia mollis A.Gray,Calycadenia mollis f. aurea D.D.Keck,https://powo.science.kew.org/taxon/urn:lsid:ipni.org:names:188131-1
Calycadenia mollis A.Gray,Calycadenia mollis f. rosea D.D.Keck,https://powo.science.kew.org/taxon/urn:lsid:ipni.org:names:188131-1
Calycadenia mollis A.Gray,Hemizonia angustifolia Durand,https://powo.science.kew.org/taxon/urn:lsid:ipni.org:names:188131-1
Calycadenia mollis A.Gray,Hemizonia mollis A.Gray,https://powo.science.kew.org/taxon/urn:lsid:ipni.org:names:188131-1
× Pseudinium aschersonianum (Brügger & Killias) P.F.Hunt,Gymnadenia × aschersoniana Brügger & Killias,https://powo.science.kew.org/taxon/urn:lsid:ipni.org:names:655100-1
× Pseudinium aschersonianum (Brügger & Killias) P.F.Hunt,× Hermibicchia aschersoniana (Brügger & Killias) E.G.Camus,https://powo.science.kew.org/taxon/urn:lsid:ipni.org:names:655100-1
× Pseudinium aschersonianum (Brügger & Killias) P.F.Hunt,× Herminorchis aschersonianum (Brügger & Killias) P.Fourn.,https://powo.science.kew.org/taxon/urn:lsid:ipni.org:names:655100-1
× Pseudinium aschersonianum (Brügger & Killias) P.F.Hunt,× Leucerminium aschersonianum (Brügger & Killias) Rauschert,https://powo.science.kew.org/taxon/urn:lsid:ipni.org:names:655100-1
Calycadenia fremontii A.Gray,Calycadenia ciliosa Greene,https://powo.science.kew.org/taxon/urn:lsid:ipni.org:names:188127-1
Calycadenia fremontii A.Gray,Calycadenia ciliosa f. alba D.D.Keck,https://powo.science.kew.org/taxon/urn:lsid:ipni.org:names:188127-1
Calycadenia fremontii A.Gray,Calycadenia elegans Greene,https://powo.science.kew.org/taxon/urn:lsid:ipni.org:names:188127-1
Calycadenia fremontii A.Gray,Calycadenia pauciflora var. elegans (Greene) Jeps.,https://powo.science.kew.org/taxon/urn:lsid:ipni.org:names:188127-1
Calycadenia fremontii A.Gray,Hemizonia fremontii A.Gray,https://powo.science.kew.org/taxon/urn:lsid:ipni.org:names:188127-1
Calycadenia fremontii A.Gray,Hemizonia multiglandulosa var. sparsa A.Gray,https://powo.science.kew.org/taxon/urn:lsid:ipni.org:names:188127-1
Calycadenia villosa DC.,Hemizonia douglasii A.Gray,https://powo.science.kew.org/taxon/urn:lsid:ipni.org:names:188141-1
Campuloclinium burchellii (Baker) R.M.King & H.Rob.,Eupatorium burchellii Baker,https://powo.science.kew.org/taxon/urn:lsid:ipni.org:names:44162-2
Campuloclinium burchellii (Baker) R.M.King & H.Rob.,Campuloclinium corymbosum Sch.Bip. ex Baker,https://powo.science.kew.org/taxon/urn:lsid:ipni.org:names:44162-2
Campuloclinium burchellii (Baker) R.M.King & H.Rob.,Eupatorium griseopubescens Dusén ex Malme,https://powo.science.kew.org/taxon/urn:lsid:ipni.org:names:44162-2
Calorezia prenanthoides (Less.) Panero,Perezia prenanthoides Less.,https://powo.science.kew.org/taxon/urn:lsid:ipni.org:names:77084938-1
Calorezia prenanthoides (Less.) Panero,Perdicium prenanthoides Poepp. ex Less.,https://powo.science.kew.org/taxon/urn:lsid:ipni.org:names:77084938-1
Calorezia prenanthoides (Less.) Panero,Perdicium prenanthoides Poepp. ex Reiche,https://powo.science.kew.org/taxon/urn:lsid:ipni.org:names:77084938-1
Calorezia prenanthoides (Less.) Panero,Perezia brachylepis Phil.,https://powo.science.kew.org/taxon/urn:lsid:ipni.org:names:77084938-1
Campuloclinium chlorolepis (Baker) R.M.King & H.Rob.,Eupatorium chlorolepis Baker,https://powo.science.kew.org/taxon/urn:lsid:ipni.org:names:44164-2
Campuloclinium chlorolepis (Baker) R.M.King & H.Rob.,Campuloclinium turbinatum Sch.Bip. ex Baker,https://powo.science.kew.org/taxon/urn:lsid:ipni.org:names:44164-2
Campovassouria cruciata (Vell.) R.M.King & H.Rob.,Chrysocoma cruciata Vell.,https://powo.science.kew.org/taxon/urn:lsid:ipni.org:names:44112-2
Campovassouria cruciata (Vell.) R.M.King & H.Rob.,Eupatorium cruciatum (Vell.) Ariza,https://powo.science.kew.org/taxon/urn:lsid:ipni.org:names:44112-2
Campovassouria cruciata (Vell.) R.M.King & H.Rob.,Campovassouria bupleurifolia (DC.) R.M.King & H.Rob.,https://powo.science.kew.org/taxon/urn:lsid:ipni.org:names:44112-2
Campovassouria cruciata (Vell.) R.M.King & H.Rob.,Eupatorium amblyolaenum Sch.Bip. ex Baker,https://powo.science.kew.org/taxon/urn:lsid:ipni.org:names:44112-2
Campovassouria cruciata (Vell.) R.M.King & H.Rob.,Eupatorium asclepiadeum DC.,https://powo.science.kew.org/taxon/urn:lsid:ipni.org:names:44112-2
Campovassouria cruciata (Vell.) R.M.King & H.Rob.,Eupatorium bupleurifolium DC.,https://powo.science.kew.org/taxon/urn:lsid:ipni.org:names:44112-2
Campovassouria cruciata (Vell.) R.M.King & H.Rob.,Eupatorium bupleurifolium var. asclepiadeum (DC.) Baker,https://powo.science.kew.org/taxon/urn:lsid:ipni.org:names:44112-2
Campovassouria cruciata (Vell.) R.M.King & H.Rob.,Eupatorium bupleurifolium var. ensifolia Hieron.,https://powo.science.kew.org/taxon/urn:lsid:ipni.org:names:44112-2
Campovassouria cruciata (Vell.) R.M.King & H.Rob.,Eupatorium bupleurifolium var. linifolium (DC.) Baker,https://powo.science.kew.org/taxon/urn:lsid:ipni.org:names:44112-2
Campovassouria cruciata (Vell.) R.M.King & H.Rob.,Eupatorium bupleurifolium var. microcephala Hieron.,https://powo.science.kew.org/taxon/urn:lsid:ipni.org:names:44112-2
Campovassouria cruciata (Vell.) R.M.King & H.Rob.,Eupatorium bupleurifolium f. typica Hieron.,https://powo.science.kew.org/taxon/urn:lsid:ipni.org:names:44112-2
Campovassouria cruciata (Vell.) R.M.King & H.Rob.,Eupatorium ensifolium Griseb.,https://powo.science.kew.org/taxon/urn:lsid:ipni.org:names:44112-2
Campovassouria cruciata (Vell.) R.M.King & H.Rob.,Eupatorium graminifolium Chodat,https://powo.science.kew.org/taxon/urn:lsid:ipni.org:names:44112-2
Campovassouria cruciata (Vell.) R.M.King & H.Rob.,Eupatorium linifolium DC.,https://powo.science.kew.org/taxon/urn:lsid:ipni.org:names:44112-2
Campovassouria cruciata (Vell.) R.M.King & H.Rob.,Eupatorium mandonii Sch.Bip.,https://powo.science.kew.org/taxon/urn:lsid:ipni.org:names:44112-2
Campovassouria cruciata (Vell.) R.M.King & H.Rob.,Eupatorium phlogifolium DC.,https://powo.science.kew.org/taxon/urn:lsid:ipni.org:names:44112-2
Campovassouria cruciata (Vell.) R.M.King & H.Rob.,Eupatorium sonderi Sch.Bip.,https://powo.science.kew.org/taxon/urn:lsid:ipni.org:names:44112-2
Campovassouria cruciata (Vell.) R.M.King & H.Rob.,Osmia asclepiadea Sch.Bip.,https://powo.science.kew.org/taxon/urn:lsid:ipni.org:names:44112-2
Campovassouria cruciata (Vell.) R.M.King & H.Rob.,Osmia phlogifolia Sch.Bip.,https://powo.science.kew.org/taxon/urn:lsid:ipni.org:names:44112-2
Campuloclinium parvulum (Glaz. ex B.L.Rob.) R.M.King & H.Rob.,Eupatorium parvulum Glaz. ex B.L.Rob.,https://powo.science.kew.org/taxon/urn:lsid:ipni.org:names:44171-2
Campuloclinium campuloclinioides (Baker) R.M.King & H.Rob.,Ageratum campuloclinioides Baker,https://powo.science.kew.org/taxon/urn:lsid:ipni.org:names:44163-2
Campuloclinium campuloclinioides (Baker) R.M.King & H.Rob.,Campuloclinium barrosoana (G.M.Barroso) R.M.King & H.Rob.,https://powo.science.kew.org/taxon/urn:lsid:ipni.org:names:44163-2
Campuloclinium campuloclinioides (Baker) R.M.King & H.Rob.,Trichogonia barrosoana G.M.Barroso,https://powo.science.kew.org/taxon/urn:lsid:ipni.org:names:44163-2
Campuloclinium hickenii (Cabrera & Vittet) R.M.King & H.Rob.,Eupatorium hickenii Cabrera & Vittet,https://powo.science.kew.org/taxon/urn:lsid:ipni.org:names:44167-2
Campuloclinium hickenii (Cabrera & Vittet) R.M.King & H.Rob.,Eupatorium betoniciforme f. alternifolium Hicken,https://powo.science.kew.org/taxon/urn:lsid:ipni.org:names:44167-2
Campuloclinium hirsutum Gardner,Eupatorium gardnerianum Hieron.,https://powo.science.kew.org/taxon/urn:lsid:ipni.org:names:188193-1
Campuloclinium hirsutum Gardner,Campuloclinium siegesbeckioides Sch.Bip. ex Baker,https://powo.science.kew.org/taxon/urn:lsid:ipni.org:names:188193-1
Campuloclinium hirsutum Gardner,Eupatorium hirsutum Baker,https://powo.science.kew.org/taxon/urn:lsid:ipni.org:names:188193-1
Campuloclinium scabrum (Klatt) J.Calvo & Roque,Trichogonia scabra Klatt,https://powo.science.kew.org/taxon/urn:lsid:ipni.org:names:77194910-1
Campuloclinium scabrum (Klatt) J.Calvo & Roque,Campuloclinium tubaraoense (Hieron.) R.M.King & H.Rob.,https://powo.science.kew.org/taxon/urn:lsid:ipni.org:names:77194910-1
Campuloclinium scabrum (Klatt) J.Calvo & Roque,Eupatorium tubaraoense Hieron.,https://powo.science.kew.org/taxon/urn:lsid:ipni.org:names:77194910-1
Campuloclinium megacephalum (Baker) R.M.King & H.Rob.,Eupatorium megacephalum Baker,https://powo.science.kew.org/taxon/urn:lsid:ipni.org:names:44170-2
Campuloclinium megacephalum (Baker) R.M.King & H.Rob.,Campuloclinium polyphyllum Sch.Bip. ex Baker,https://powo.science.kew.org/taxon/urn:lsid:ipni.org:names:44170-2
Campuloclinium megacephalum (Baker) R.M.King & H.Rob.,Eupatorium paulense Loefgr.,https://powo.science.kew.org/taxon/urn:lsid:ipni.org:names:44170-2
Campuloclinium riedelii (Baker) R.M.King & H.Rob.,Eupatorium riedelii Baker,https://powo.science.kew.org/taxon/urn:lsid:ipni.org:names:44174-2
Campuloclinium riedelii (Baker) R.M.King & H.Rob.,Eupatorium riedelii var. guaranitica Chodat,https://powo.science.kew.org/taxon/urn:lsid:ipni.org:names:44174-2
Campuloclinium riedelii (Baker) R.M.King & H.Rob.,Eupatorium riedelii var. microcephalum Chodat,https://powo.science.kew.org/taxon/urn:lsid:ipni.org:names:44174-2
Cancrinia discoidea (Ledeb.) Poljakov ex Tzvelev,Chrysanthemum discoideum (Ledeb.) B.Fedtsch.,https://powo.science.kew.org/taxon/urn:lsid:ipni.org:names:188248-1
Cancrinia discoidea (Ledeb.) Poljakov ex Tzvelev,Matricaria ledebourii (Sch.Bip.) Schischk.,https://powo.science.kew.org/taxon/urn:lsid:ipni.org:names:188248-1
Cancrinia discoidea (Ledeb.) Poljakov ex Tzvelev,"Microcephala discoidea (Ledeb.) K.Bremer, H.Eklund, Ghebr., Heiðm., N.Laurent, Maa",https://powo.science.kew.org/taxon/urn:lsid:ipni.org:names:188248-1
Cancrinia discoidea (Ledeb.) Poljakov ex Tzvelev,Pyrethrum discoideum Ledeb.,https://powo.science.kew.org/taxon/urn:lsid:ipni.org:names:188248-1
Cancrinia discoidea (Ledeb.) Poljakov ex Tzvelev,Tanacetum ledebourii Sch.Bip.,https://powo.science.kew.org/taxon/urn:lsid:ipni.org:names:188248-1
Cancrinia discoidea (Ledeb.) Poljakov ex Tzvelev,Chrysanthemum ledebourianum Y.Ling,https://powo.science.kew.org/taxon/urn:lsid:ipni.org:names:188248-1
Caputia medley-woodii (Hutch.) B.Nord. & Pelser,Senecio medley-woodii Hutch.,https://powo.science.kew.org/taxon/urn:lsid:ipni.org:names:77123769-1
Canadanthus modestus (Lindl.) G.L.Nesom,Aster modestus Lindl.,https://powo.science.kew.org/taxon/urn:lsid:ipni.org:names:981706-1
Canadanthus modestus (Lindl.) G.L.Nesom,Weberaster modestus (Lindl.) Á.Löve & D.Löve,https://powo.science.kew.org/taxon/urn:lsid:ipni.org:names:981706-1
Canadanthus modestus (Lindl.) G.L.Nesom,Aster major (Hook.) Porter,https://powo.science.kew.org/taxon/urn:lsid:ipni.org:names:981706-1
Canadanthus modestus (Lindl.) G.L.Nesom,Aster majus Porter,https://powo.science.kew.org/taxon/urn:lsid:ipni.org:names:981706-1
Canadanthus modestus (Lindl.) G.L.Nesom,Aster modestus var. major (Hook.) Muenscher,https://powo.science.kew.org/taxon/urn:lsid:ipni.org:names:981706-1
Canadanthus modestus (Lindl.) G.L.Nesom,Aster mutatus Torr. & A.Gray,https://powo.science.kew.org/taxon/urn:lsid:ipni.org:names:981706-1
Canadanthus modestus (Lindl.) G.L.Nesom,Aster sayianus Nutt.,https://powo.science.kew.org/taxon/urn:lsid:ipni.org:names:981706-1
Canadanthus modestus (Lindl.) G.L.Nesom,Aster unalaschkensis var. major Hook.,https://powo.science.kew.org/taxon/urn:lsid:ipni.org:names:981706-1
Cancrinia maximowiczii C.Winkl.,Cancrinia paucicephala Y.Ling,https://powo.science.kew.org/taxon/urn:lsid:ipni.org:names:188258-1
Cancrinia maximowiczii C.Winkl.,Poljakovia falcatolobata (Krasch.) Grubov & Filatova,https://powo.science.kew.org/taxon/urn:lsid:ipni.org:names:188258-1
Cancrinia maximowiczii C.Winkl.,Tanacetum falcatolobatum Krasch.,https://powo.science.kew.org/taxon/urn:lsid:ipni.org:names:188258-1
Campuloclinium macrocephalum (Less.) DC.,Conoclinium macrocephalum (Less.) DC. ex B.L.Turner,https://powo.science.kew.org/taxon/urn:lsid:ipni.org:names:188196-1
Campuloclinium macrocephalum (Less.) DC.,Eupatorium macrocephalum Less.,https://powo.science.kew.org/taxon/urn:lsid:ipni.org:names:188196-1
Campuloclinium macrocephalum (Less.) DC.,Campuloclinium macrocephalum var. strigosum DC.,https://powo.science.kew.org/taxon/urn:lsid:ipni.org:names:188196-1
Campuloclinium macrocephalum (Less.) DC.,Campuloclinium pohlianum Sch.Bip. ex Baker,https://powo.science.kew.org/taxon/urn:lsid:ipni.org:names:188196-1
Campuloclinium macrocephalum (Less.) DC.,Campuloclinium strigosum Sch.Bip. ex Baker,https://powo.science.kew.org/taxon/urn:lsid:ipni.org:names:188196-1
Campuloclinium macrocephalum (Less.) DC.,Chromolaena pratensis Gardner,https://powo.science.kew.org/taxon/urn:lsid:ipni.org:names:188196-1
Campuloclinium macrocephalum (Less.) DC.,Eupatorium albertinae Ant.Molina,https://powo.science.kew.org/taxon/urn:lsid:ipni.org:names:188196-1
Campuloclinium macrocephalum (Less.) DC.,Eupatorium denudatum Chodat,https://powo.science.kew.org/taxon/urn:lsid:ipni.org:names:188196-1
Campuloclinium macrocephalum (Less.) DC.,Eupatorium donianum Hook. & Arn.,https://powo.science.kew.org/taxon/urn:lsid:ipni.org:names:188196-1
Campuloclinium macrocephalum (Less.) DC.,Eupatorium macrocephalum var. angustifolium Baker,https://powo.science.kew.org/taxon/urn:lsid:ipni.org:names:188196-1
Campuloclinium macrocephalum (Less.) DC.,Eupatorium macrocephalum var. stigmatosum Hassl.,https://powo.science.kew.org/taxon/urn:lsid:ipni.org:names:188196-1
Campuloclinium macrocephalum (Less.) DC.,Eupatorium macrocephalum var. strigosum (DC.) Baker,https://powo.science.kew.org/taxon/urn:lsid:ipni.org:names:188196-1
Campuloclinium macrocephalum (Less.) DC.,Eupatorium oxyhedrum Baker,https://powo.science.kew.org/taxon/urn:lsid:ipni.org:names:188196-1
Campuloclinium macrocephalum (Less.) DC.,Eupatorium sladenianum S.Moore,https://powo.science.kew.org/taxon/urn:lsid:ipni.org:names:188196-1
Campuloclinium macrocephalum (Less.) DC.,Eupatorium stigmatosum Chodat,https://powo.science.kew.org/taxon/urn:lsid:ipni.org:names:188196-1
Campuloclinium macrocephalum (Less.) DC.,Eupatorium stigmatosum var. subcalvatum Chodat,https://powo.science.kew.org/taxon/urn:lsid:ipni.org:names:188196-1
Campuloclinium macrocephalum (Less.) DC.,Eupatorium stigmatosum var. violaceum Chodat,https://powo.science.kew.org/taxon/urn:lsid:ipni.org:names:188196-1
Caputia pyramidata (DC.) B.Nord. & Pelser,Senecio pyramidatus DC.,https://powo.science.kew.org/taxon/urn:lsid:ipni.org:names:77123775-1
Caputia oribiensis (van Jaarsv.) J.C.Manning,Senecio oribiensis van Jaarsv.,https://powo.science.kew.org/taxon/urn:lsid:ipni.org:names:77131580-1
Caputia scaposa (DC.) B.Nord. & Pelser,Senecio scaposus DC.,https://powo.science.kew.org/taxon/urn:lsid:ipni.org:names:77123771-1
Cancriniella krascheninnikovii (Rubtzov) Tzvelev,Brachanthemum krascheninnikovii Rubtzov,https://powo.science.kew.org/taxon/urn:lsid:ipni.org:names:188277-1
Cancriniella krascheninnikovii (Rubtzov) Tzvelev,Cancrinia krascheninnikovii (Rubtzov) Poljakov,https://powo.science.kew.org/taxon/urn:lsid:ipni.org:names:188277-1
Campuloclinium purpurascens (Baker) R.M.King & H.Rob.,Eupatorium purpurascens Baker,https://powo.science.kew.org/taxon/urn:lsid:ipni.org:names:44173-2
Campuloclinium purpurascens (Baker) R.M.King & H.Rob.,Eupatorium glaziovii Baker,https://powo.science.kew.org/taxon/urn:lsid:ipni.org:names:44173-2
Campuloclinium purpurascens (Baker) R.M.King & H.Rob.,Eupatorium podachaenium Sch.Bip. ex Baker,https://powo.science.kew.org/taxon/urn:lsid:ipni.org:names:44173-2
Campuloclinium purpurascens (Baker) R.M.King & H.Rob.,Eupatorium purpurascens var. guaraniticum Chodat,https://powo.science.kew.org/taxon/urn:lsid:ipni.org:names:44173-2
Campuloclinium purpurascens (Baker) R.M.King & H.Rob.,Eupatorium purpurascens var. nemorale Baker,https://powo.science.kew.org/taxon/urn:lsid:ipni.org:names:44173-2
Carlquistia muirii (A.Gray) B.G.Baldwin,Raillardella muirii A.Gray,https://powo.science.kew.org/taxon/urn:lsid:ipni.org:names:1012647-1
Carlquistia muirii (A.Gray) B.G.Baldwin,Raillardiopsis muirii Rydb.,https://powo.science.kew.org/taxon/urn:lsid:ipni.org:names:1012647-1
Caucasalia pontica (K.Koch) Greuter,Adenostyles pontica K.Koch,https://powo.science.kew.org/taxon/urn:lsid:ipni.org:names:60442187-2
Caucasalia pontica (K.Koch) Greuter,Adenostyles platyphylloides (Sommier & Levier) Czerep.,https://powo.science.kew.org/taxon/urn:lsid:ipni.org:names:60442187-2
Caucasalia pontica (K.Koch) Greuter,Adenostyles rhombifolia subsp. platyphylloides (Sommier & Levier) Pimenov,https://powo.science.kew.org/taxon/urn:lsid:ipni.org:names:60442187-2
Caucasalia pontica (K.Koch) Greuter,Caucasalia platyphylloides (Sommier & Levier) B.Nord.,https://powo.science.kew.org/taxon/urn:lsid:ipni.org:names:60442187-2
Caucasalia pontica (K.Koch) Greuter,Pojarkovia platyphylloides (Sommier & Levier) Askerova,https://powo.science.kew.org/taxon/urn:lsid:ipni.org:names:60442187-2
Caucasalia pontica (K.Koch) Greuter,Senecio platyphylloides Sommier & Levier,https://powo.science.kew.org/taxon/urn:lsid:ipni.org:names:60442187-2
Caucasalia pontica (K.Koch) Greuter,Senecio platyphylloides var. seneciphyllinifera Kuvaev & Lozar,https://powo.science.kew.org/taxon/urn:lsid:ipni.org:names:60442187-2
Caucasalia macrophylla (M.Bieb.) B.Nord.,Adenostyles macrophylla (M.Bieb.) Czerep.,https://powo.science.kew.org/taxon/urn:lsid:ipni.org:names:995835-1
Caucasalia macrophylla (M.Bieb.) B.Nord.,Cacalia macrophylla M.Bieb.,https://powo.science.kew.org/taxon/urn:lsid:ipni.org:names:995835-1
Caucasalia macrophylla (M.Bieb.) B.Nord.,Pojarkovia macrophylla (M.Bieb.) Askerova,https://powo.science.kew.org/taxon/urn:lsid:ipni.org:names:995835-1
Caucasalia macrophylla (M.Bieb.) B.Nord.,Adenostyles rhombifolia (Willd.) Pimenov,https://powo.science.kew.org/taxon/urn:lsid:ipni.org:names:995835-1
Caucasalia macrophylla (M.Bieb.) B.Nord.,Cacalia caucasica Hoffm.,https://powo.science.kew.org/taxon/urn:lsid:ipni.org:names:995835-1
Caucasalia macrophylla (M.Bieb.) B.Nord.,Cacalia rhombifolia Willd.,https://powo.science.kew.org/taxon/urn:lsid:ipni.org:names:995835-1
Caucasalia macrophylla (M.Bieb.) B.Nord.,Cineraria caucasica Hoffm.,https://powo.science.kew.org/taxon/urn:lsid:ipni.org:names:995835-1
Caucasalia macrophylla (M.Bieb.) B.Nord.,Senecio platyphyllus DC.,https://powo.science.kew.org/taxon/urn:lsid:ipni.org:names:995835-1
Caucasalia macrophylla (M.Bieb.) B.Nord.,Senecio platyphyllus var. glandulosus V.A.Matthews,https://powo.science.kew.org/taxon/urn:lsid:ipni.org:names:995835-1
Caucasalia macrophylla (M.Bieb.) B.Nord.,Senecio rhombifolius (Willd.) Sch.Bip.,https://powo.science.kew.org/taxon/urn:lsid:ipni.org:names:995835-1
Carminatia alvarezii Rzed. & Calderón,Carminatia anomala B.L.Turner,https://powo.science.kew.org/taxon/urn:lsid:ipni.org:names:60458406-2
Caputia tomentosa (Haw.) B.Nord. & Pelser,Kleinia tomentosa Haw.,https://powo.science.kew.org/taxon/urn:lsid:ipni.org:names:77123770-1
Caputia tomentosa (Haw.) B.Nord. & Pelser,Cacalia haworthii Sweet,https://powo.science.kew.org/taxon/urn:lsid:ipni.org:names:77123770-1
Caputia tomentosa (Haw.) B.Nord. & Pelser,Cacalia tomentosa Haw.,https://powo.science.kew.org/taxon/urn:lsid:ipni.org:names:77123770-1
Caputia tomentosa (Haw.) B.Nord. & Pelser,Kleinia cana DC.,https://powo.science.kew.org/taxon/urn:lsid:ipni.org:names:77123770-1
Caputia tomentosa (Haw.) B.Nord. & Pelser,Kleinia haworthii DC.,https://powo.science.kew.org/taxon/urn:lsid:ipni.org:names:77123770-1
Caputia tomentosa (Haw.) B.Nord. & Pelser,Notonia vestita Collett & Hemsl.,https://powo.science.kew.org/taxon/urn:lsid:ipni.org:names:77123770-1
Caputia tomentosa (Haw.) B.Nord. & Pelser,Senecio haworthii Sch.Bip.,https://powo.science.kew.org/taxon/urn:lsid:ipni.org:names:77123770-1
Caputia tomentosa (Haw.) B.Nord. & Pelser,Senecio haworthii Steud.,https://powo.science.kew.org/taxon/urn:lsid:ipni.org:names:77123770-1
Caputia tomentosa (Haw.) B.Nord. & Pelser,Senecio quinquangulatus Sch.Bip.,https://powo.science.kew.org/taxon/urn:lsid:ipni.org:names:77123770-1
Caputia tomentosa (Haw.) B.Nord. & Pelser,Senecio vestitus Sweet ex Steud.,https://powo.science.kew.org/taxon/urn:lsid:ipni.org:names:77123770-1
Caucasalia similiflora (Kolak.) B.Nord.,Adenostyles similiflorus (Kolak.) Konechn.,https://powo.science.kew.org/taxon/urn:lsid:ipni.org:names:995837-1
Caucasalia similiflora (Kolak.) B.Nord.,Senecio similiflorus Kolak.,https://powo.science.kew.org/taxon/urn:lsid:ipni.org:names:995837-1
Carminatia recondita McVaugh,Brickellia recondita (McVaugh) D.J.Keil & Pinkava,https://powo.science.kew.org/taxon/urn:lsid:ipni.org:names:47643-2
Carminatia tenuiflora DC.,Brickellia tenuiflora (DC.) D.J.Keil & Pinkava,https://powo.science.kew.org/taxon/urn:lsid:ipni.org:names:189328-1
Carminatia tenuiflora DC.,Carminatia tenuifolia Steud.,https://powo.science.kew.org/taxon/urn:lsid:ipni.org:names:189328-1
Elissarrhena solimoesana (Moldenke) Wei Wang & R.Ortiz,Anomospermum solimoesianum (Moldenke) Krukoff & Barneby,https://powo.science.kew.org/taxon/urn:lsid:ipni.org:names:77199693-1
Elissarrhena solimoesana (Moldenke) Wei Wang & R.Ortiz,Hyperbaena solimoesana Moldenke,https://powo.science.kew.org/taxon/urn:lsid:ipni.org:names:77199693-1
Elissarrhena solimoesana (Moldenke) Wei Wang & R.Ortiz,Abuta froesii Krukoff & Moldenke,https://powo.science.kew.org/taxon/urn:lsid:ipni.org:names:77199693-1
Elissarrhena solimoesana (Moldenke) Wei Wang & R.Ortiz,Anomospermum froesii (Krukoff & Moldenke) Moldenke,https://powo.science.kew.org/taxon/urn:lsid:ipni.org:names:77199693-1
Monteiroa dusenii (Ekman) Krapov.,Malvastrum dusenii Ekman,https://powo.science.kew.org/taxon/urn:lsid:ipni.org:names:164050-2
Elissarrhena longipes Miers,Anomospermum grandifolium Eichler,https://powo.science.kew.org/taxon/urn:lsid:ipni.org:names:580797-1
Elissarrhena longipes Miers,Elissarrhena grandifolia Diels,https://powo.science.kew.org/taxon/urn:lsid:ipni.org:names:580797-1
Elissarrhena longipes Miers,Abuta macrocarpa Moldenke,https://powo.science.kew.org/taxon/urn:lsid:ipni.org:names:580797-1
Elissarrhena longipes Miers,Anomospermum ulei Diels,https://powo.science.kew.org/taxon/urn:lsid:ipni.org:names:580797-1
Monteiroa bullata (Ekman) Krapov.,Malvastrum bullatum Ekman,https://powo.science.kew.org/taxon/urn:lsid:ipni.org:names:164048-2
Monteiroa glomerata (Hook. & Arn.) Krapov.,Malva glomerata Hook. & Arn.,https://powo.science.kew.org/taxon/urn:lsid:ipni.org:names:164051-2
Monteiroa glomerata (Hook. & Arn.) Krapov.,Malvastrum glomeratum (Hook. & Arn.) Griseb.,https://powo.science.kew.org/taxon/urn:lsid:ipni.org:names:164051-2
Monteiroa glomerata (Hook. & Arn.) Krapov.,Malva concinna Knowles & Westc.,https://powo.science.kew.org/taxon/urn:lsid:ipni.org:names:164051-2
Monteiroa glomerata (Hook. & Arn.) Krapov.,Malvastrum garckeanum K.Schum.,https://powo.science.kew.org/taxon/urn:lsid:ipni.org:names:164051-2
Monteiroa glomerata (Hook. & Arn.) Krapov.,Malvastrum garckeanum var. paranense K.Schum.,https://powo.science.kew.org/taxon/urn:lsid:ipni.org:names:164051-2
Caucasalia parviflora (M.Bieb.) B.Nord.,Cineraria parviflora M.Bieb.,https://powo.science.kew.org/taxon/urn:lsid:ipni.org:names:995838-1
Caucasalia parviflora (M.Bieb.) B.Nord.,Senecio alatus Willd. ex Ledeb.,https://powo.science.kew.org/taxon/urn:lsid:ipni.org:names:995838-1
Caucasalia parviflora (M.Bieb.) B.Nord.,Senecio lampsanoides DC.,https://powo.science.kew.org/taxon/urn:lsid:ipni.org:names:995838-1
Monteiroa ptarmicifolia (A.St.-Hil. & Naudin) Krapov.,Malva ptarmicifolia A.St.-Hil. & Naudin,https://powo.science.kew.org/taxon/urn:lsid:ipni.org:names:164053-2
Leucostegia amplissima (Christ) C.W.Chen,Davallia immersa var. amplissima Christ,https://powo.science.kew.org/taxon/urn:lsid:ipni.org:names:77254924-1
Hypodematium chrysolepis (Fée) X.P.Fan & Li Bing Zhang,Aspidium chrysolepis Fée,https://powo.science.kew.org/taxon/urn:lsid:ipni.org:names:77222364-1
Thunbergianthus ruwenzoriensis R.D.Good,Thunbergianthus ruwenzoriensis f. macrocalyx R.D.Good,https://powo.science.kew.org/taxon/urn:lsid:ipni.org:names:810316-1
Hypodematium fauriei (Kodama) Tagawa,Hypodematium crenatum subsp. fauriei (Kodama) K.Iwats.,https://powo.science.kew.org/taxon/urn:lsid:ipni.org:names:17399460-1
Hypodematium fauriei (Kodama) Tagawa,Dryopteris fauriei Kodama,https://powo.science.kew.org/taxon/urn:lsid:ipni.org:names:17399460-1
Leucostegia immersa C.Presl,Acrophorus immersus (C.Presl) T.Moore,https://powo.science.kew.org/taxon/urn:lsid:ipni.org:names:17133970-1
Leucostegia immersa C.Presl,Davallia immersa (C.Presl) Wall. ex Hook.,https://powo.science.kew.org/taxon/urn:lsid:ipni.org:names:17133970-1
Leucostegia immersa C.Presl,Humata immersa (C.Presl) Mett.,https://powo.science.kew.org/taxon/urn:lsid:ipni.org:names:17133970-1
Leucostegia immersa C.Presl,Cystopteris dimidiata Decne.,https://powo.science.kew.org/taxon/urn:lsid:ipni.org:names:17133970-1
Leucostegia immersa C.Presl,Leucostegia truncata (D.Don) Fraser-Jenk.,https://powo.science.kew.org/taxon/urn:lsid:ipni.org:names:17133970-1
Leucostegia immersa C.Presl,Davallia truncata D.Don,https://powo.science.kew.org/taxon/urn:lsid:ipni.org:names:17133970-1
Leucostegia immersa C.Presl,Humata dryopteridifrons Hayata,https://powo.science.kew.org/taxon/urn:lsid:ipni.org:names:17133970-1
Leucostegia immersa C.Presl,Humata immersa var. nana Copel.,https://powo.science.kew.org/taxon/urn:lsid:ipni.org:names:17133970-1
Leucostegia pallida (Mett.) Copel.,Davallia pallida Mett.,https://powo.science.kew.org/taxon/urn:lsid:ipni.org:names:17338240-1
Leucostegia pallida (Mett.) Copel.,Leucostegia subdigitata (Brause) C.Chr.,https://powo.science.kew.org/taxon/urn:lsid:ipni.org:names:17338240-1
Leucostegia pallida (Mett.) Copel.,Davallia beccariana Ces.,https://powo.science.kew.org/taxon/urn:lsid:ipni.org:names:17338240-1
Leucostegia pallida (Mett.) Copel.,Davallia mooreana Masters,https://powo.science.kew.org/taxon/urn:lsid:ipni.org:names:17338240-1
Leucostegia pallida (Mett.) Copel.,Dryopteris subdigitata Brause,https://powo.science.kew.org/taxon/urn:lsid:ipni.org:names:17338240-1
Hypodematium glabrius (Copel.) Holttum,Dryopteris glabrior Copel.,https://powo.science.kew.org/taxon/urn:lsid:ipni.org:names:17534150-1
Hypodematium glandulosopilosum (Tagawa) Ohwi,Hypodematium fauriei f. glandulosopilosum Tagawa,https://powo.science.kew.org/taxon/urn:lsid:ipni.org:names:17399490-1
Hypodematium glandulosopilosum (Tagawa) Ohwi,Hypodematium angustifolium C.S.Lee & K.H.Lee,https://powo.science.kew.org/taxon/urn:lsid:ipni.org:names:17399490-1
Hypodematium fordii (Baker) Ching,Nephrodium fordii Baker,https://powo.science.kew.org/taxon/urn:lsid:ipni.org:names:17399480-1
Hypodematium fordii (Baker) Ching,Hypodematium humile F.G.Wang & F.W.Xing,https://powo.science.kew.org/taxon/urn:lsid:ipni.org:names:17399480-1
Hypodematium crenatum (Forssk.) Kuhn,Lastrea crenata (Forssk.) Bedd.,https://powo.science.kew.org/taxon/urn:lsid:ipni.org:names:17126060-1
Hypodematium crenatum (Forssk.) Kuhn,Aspidium crenatum (Forssk.) Kuhn,https://powo.science.kew.org/taxon/urn:lsid:ipni.org:names:17126060-1
Hypodematium crenatum (Forssk.) Kuhn,Dryopteris crenata (Forssk.) Kuntze,https://powo.science.kew.org/taxon/urn:lsid:ipni.org:names:17126060-1
Hypodematium crenatum (Forssk.) Kuhn,Nephrodium crenatum (Forssk.) Baker,https://powo.science.kew.org/taxon/urn:lsid:ipni.org:names:17126060-1
Hypodematium crenatum (Forssk.) Kuhn,Polypodium crenatum Forssk.,https://powo.science.kew.org/taxon/urn:lsid:ipni.org:names:17126060-1
Hypodematium sinense K.Iwats.,Hypodematium cystopteroides Ching,https://powo.science.kew.org/taxon/urn:lsid:ipni.org:names:17441120-1
Hypodematium gracile Ching,Hypodematium laxum Ching,https://powo.science.kew.org/taxon/urn:lsid:ipni.org:names:17549240-1
Parianella lanceolata (Trin.) F.M.Ferreira & R.P.Oliveira,Pariana lanceolata Trin.,https://powo.science.kew.org/taxon/urn:lsid:ipni.org:names:77125533-1
Hypodematium phegopteroideum Kuhn,Dryopteris phegopteroidea (Kuhn) C.Chr.,https://powo.science.kew.org/taxon/urn:lsid:ipni.org:names:17126100-1
Amphiasma benguellense (Hiern) Bremek.,Oldenlandia benguellensis Hiern,https://powo.science.kew.org/taxon/urn:lsid:ipni.org:names:743188-1
Colleteria seminervis (Urb. & Ekman) David W.Taylor,Chione seminervis Urb. & Ekman,https://powo.science.kew.org/taxon/urn:lsid:ipni.org:names:1140600-2
Colleteria seminervis (Urb. & Ekman) David W.Taylor,Wandersong seminervis (Urb. & Ekman) David W.Taylor,https://powo.science.kew.org/taxon/urn:lsid:ipni.org:names:1140600-2
Hypodematium squamulosopilosum Ching,Hypodematium squamulosopilosum var. ishingensis Y.Z.Lan,https://powo.science.kew.org/taxon/urn:lsid:ipni.org:names:17550830-1
Amphiasma divaricatum (Engl.) Bremek.,Oldenlandia divaricata Engl.,https://powo.science.kew.org/taxon/urn:lsid:ipni.org:names:743189-1
Amphiasma divaricatum (Engl.) Bremek.,Houstonia trichotoma (Schinz) Bär,https://powo.science.kew.org/taxon/urn:lsid:ipni.org:names:743189-1
Amphiasma divaricatum (Engl.) Bremek.,Oldenlandia trichotoma Schinz,https://powo.science.kew.org/taxon/urn:lsid:ipni.org:names:743189-1
Amphiasma luzuloides (K.Schum.) Bremek.,Oldenlandia luzuloides K.Schum.,https://powo.science.kew.org/taxon/urn:lsid:ipni.org:names:743190-1
Amphiasma luzuloides (K.Schum.) Bremek.,Amphiasma assimile Bremek.,https://powo.science.kew.org/taxon/urn:lsid:ipni.org:names:743190-1
Colleteria exserta (DC.) David W.Taylor,Chione exserta (DC.) Urb.,https://powo.science.kew.org/taxon/urn:lsid:ipni.org:names:60426502-2
Colleteria exserta (DC.) David W.Taylor,Psychotria exserta DC.,https://powo.science.kew.org/taxon/urn:lsid:ipni.org:names:60426502-2
Colleteria exserta (DC.) David W.Taylor,Uragoga exserta (DC.) Kuntze,https://powo.science.kew.org/taxon/urn:lsid:ipni.org:names:60426502-2
Colleteria exserta (DC.) David W.Taylor,Wandersong exserta (DC.) David W.Taylor,https://powo.science.kew.org/taxon/urn:lsid:ipni.org:names:60426502-2
Colleteria exserta (DC.) David W.Taylor,Chione lucida Griseb.,https://powo.science.kew.org/taxon/urn:lsid:ipni.org:names:60426502-2
Amphiasma micranthum (Chiov.) Bremek.,Oldenlandia micrantha Chiov.,https://powo.science.kew.org/taxon/urn:lsid:ipni.org:names:743192-1
Parianella carvalhoi (R.P.Oliveira & Longhi-Wagner) F.M.Ferreira & R.P.Oliveira,Pariana carvalhoi R.P.Oliveira & Longhi-Wagner,https://powo.science.kew.org/taxon/urn:lsid:ipni.org:names:77125534-1
Toechima dasyrrhache Radlk.,Guioa chrysantha Radlk.,https://powo.science.kew.org/taxon/urn:lsid:ipni.org:names:785480-1
Eremolaena rotundifolia (F.Gérard) Danguy,Rhodolaena rotundifolia F.Gérard,https://powo.science.kew.org/taxon/urn:lsid:ipni.org:names:167655-1
Toechima daemelianum (F.Muell.) Radlk.,Cupania daemeliana F.Muell.,https://powo.science.kew.org/taxon/urn:lsid:ipni.org:names:785479-1
Toechima daemelianum (F.Muell.) Radlk.,Ratonia daemeliana F.Muell.,https://powo.science.kew.org/taxon/urn:lsid:ipni.org:names:785479-1
Toechima daemelianum (F.Muell.) Radlk.,Toechima plurinerve Radlk.,https://powo.science.kew.org/taxon/urn:lsid:ipni.org:names:785479-1
Toechima erythrocarpum (F.Muell.) Radlk.,Cupania erythrocarpa F.Muell.,https://powo.science.kew.org/taxon/urn:lsid:ipni.org:names:785481-1
Toechima tenax (Benth.) Radlk.,Lepidopetalum tenax (Benth.) Ewart,https://powo.science.kew.org/taxon/urn:lsid:ipni.org:names:785488-1
Toechima tenax (Benth.) Radlk.,Ratonia tenax Benth.,https://powo.science.kew.org/taxon/urn:lsid:ipni.org:names:785488-1
Toechima tenax (Benth.) Radlk.,Cupania tenax A.Cunn. ex Benth.,https://powo.science.kew.org/taxon/urn:lsid:ipni.org:names:785488-1
Toechima tenax (Benth.) Radlk.,Lepidopetalum australe F.Muell. ex Ewart,https://powo.science.kew.org/taxon/urn:lsid:ipni.org:names:785488-1
Geocaulon lividum (Richardson) Fernald,Comandra livida Richardson,https://powo.science.kew.org/taxon/urn:lsid:ipni.org:names:108804-2
Geocaulon lividum (Richardson) Fernald,Hamiltonia sarmentosa Spreng.,https://powo.science.kew.org/taxon/urn:lsid:ipni.org:names:108804-2
Rehderodendron kwangtungense Chun,Rehderodendron hui Chun,https://powo.science.kew.org/taxon/urn:lsid:ipni.org:names:826663-1
Rehderodendron indochinense H.L.Li,Rehderodendron fengii Hu,https://powo.science.kew.org/taxon/urn:lsid:ipni.org:names:826662-1
Rehderodendron kweichowense Hu,Rehderodendron praeteritum Sleumer,https://powo.science.kew.org/taxon/urn:lsid:ipni.org:names:826664-1
Rehderodendron kweichowense Hu,Rehderodendron tsiangii Hu & W.C.Cheng,https://powo.science.kew.org/taxon/urn:lsid:ipni.org:names:826664-1
Rehderodendron kweichowense Hu,Rehderodendron yunnanense Hu,https://powo.science.kew.org/taxon/urn:lsid:ipni.org:names:826664-1
"Rehderodendron macrophyllum (C.Y.Wu & K.M.Feng) W.Y.Zhao, P.W.Fritsch & W.B.Liao",Parastyrax macrophyllus C.Y.Wu & K.M.Feng,https://powo.science.kew.org/taxon/urn:lsid:ipni.org:names:77211768-1
Rehderodendron macrocarpum Hu,Rehderodendron mapienense Hu,https://powo.science.kew.org/taxon/urn:lsid:ipni.org:names:826665-1
"Rehderodendron burmanicum (W.W.Sm. & Farrer) W.Y.Zhao, P.W.Fritsch & W.B.Liao",Pterostyrax burmanicus W.W.Sm. & Farrer,https://powo.science.kew.org/taxon/urn:lsid:ipni.org:names:77211767-1
Rehderodendron microcarpum K.M.Feng,Rehderodendron gongshanense Y.C.Tang,https://powo.science.kew.org/taxon/urn:lsid:ipni.org:names:928641-1
