title,name,link
Nothoscordum gracile (Aiton) Stearn,Nothoscordum gracile var. gracile ,/taxon/urn:lsid:ipni.org:names:77169274-1
Nothoscordum gracile (Aiton) Stearn,Nothoscordum gracile var. macrostemon (Kunth) Guagl.,/taxon/urn:lsid:ipni.org:names:987162-1
Nothoscordum hirtellum (Kunth) Herter,Nothoscordum hirtellum subsp. hirtellum ,/taxon/urn:lsid:ipni.org:names:77173079-1
Nothoscordum hirtellum (Kunth) Herter,Nothoscordum hirtellum subsp. lorentzii (Herter) Ravenna,/taxon/urn:lsid:ipni.org:names:170524-2
Magydaris pastinacea (Lam.) Paol.,Magydaris pastinacea subsp. femeniesii O.Bolòs & Vigo,/taxon/urn:lsid:ipni.org:names:892123-1
Magydaris pastinacea (Lam.) Paol.,Magydaris pastinacea subsp. pastinacea ,/taxon/urn:lsid:ipni.org:names:77223885-1
Pastinaca armena Fisch. & C.A.Mey.,Pastinaca armena subsp. armena ,/taxon/urn:lsid:ipni.org:names:77223895-1
Pastinaca armena Fisch. & C.A.Mey.,Pastinaca armena subsp. dentata (Freyn & Sint.) D.F.Chamb.,/taxon/urn:lsid:ipni.org:names:892142-1
Pastinaca kochii Duby,Pastinaca kochii subsp. kochii ,/taxon/urn:lsid:ipni.org:names:77224444-1
Pastinaca kochii Duby,Pastinaca kochii subsp. latifolia (Duby) Reduron,/taxon/urn:lsid:ipni.org:names:77091445-1
Molopospermum peleponnesiacum (L.) W.D.J.Koch,Molopospermum peleponnesiacum subsp. bauhini I.Ullmann,/taxon/urn:lsid:ipni.org:names:949856-1
Molopospermum peleponnesiacum (L.) W.D.J.Koch,Molopospermum peleponnesiacum subsp. peleponnesiacum ,/taxon/urn:lsid:ipni.org:names:77223417-1
Pastinaca sativa L.,Pastinaca sativa subsp. sativa ,/taxon/urn:lsid:ipni.org:names:77224015-1
Pastinaca sativa L.,Pastinaca sativa subsp. urens (Req. ex Godr.) Čelak.,/taxon/urn:lsid:ipni.org:names:77251129-1
Musineon divaricatum (Pursh) Nutt.,Musineon divaricatum var. divaricatum ,/taxon/urn:lsid:ipni.org:names:77223151-1
Musineon divaricatum (Pursh) Nutt.,Musineon divaricatum var. hookeri Torr. & A.Gray,/taxon/urn:lsid:ipni.org:names:1194148-2
"Mutellina corsica (J.Gay) Reduron, Charpin & Pimenov",Mutellina corsica var. corsica ,/taxon/urn:lsid:ipni.org:names:77223394-1
"Mutellina corsica (J.Gay) Reduron, Charpin & Pimenov","Mutellina corsica var. mufraricciae (Gamisans) Reduron, Charpin & Pimenov",/taxon/urn:lsid:ipni.org:names:20002950-1
Seseli annuum L.,Seseli annuum subsp. annuum ,/taxon/urn:lsid:ipni.org:names:77225011-1
Seseli annuum L.,Seseli annuum subsp. carvifolium P.Fourn.,/taxon/urn:lsid:ipni.org:names:77251703-1
Asparagus aphyllus L.,Asparagus aphyllus subsp. aphyllus ,/taxon/urn:lsid:ipni.org:names:77168724-1
Asparagus aphyllus L.,Asparagus aphyllus subsp. orientalis (Baker) P.H.Davis,/taxon/urn:lsid:ipni.org:names:922987-1
Brodiaea californica Lindl.,Brodiaea californica subsp. californica ,/taxon/urn:lsid:ipni.org:names:77169654-1
Brodiaea californica Lindl.,Brodiaea californica subsp. leptandra (Greene) J.C.Pires,/taxon/urn:lsid:ipni.org:names:1019403-1
Brodiaea rosea (Greene) Baker,Brodiaea rosea subsp. rosea ,/taxon/urn:lsid:ipni.org:names:3287706-4
Brodiaea rosea (Greene) Baker,Brodiaea rosea subsp. vallicola R.E.Preston,/taxon/urn:lsid:ipni.org:names:77136232-1
"Hoya salmonea Kloppenb., Guevarra, G.Mend. & Ferreras","Hoya salmonea subsp. pallida Kloppenb., G.Mend. & Ferreras",/taxon/urn:lsid:ipni.org:names:77133975-1
"Hoya salmonea Kloppenb., Guevarra, G.Mend. & Ferreras",Hoya salmonea subsp. salmonea ,/taxon/urn:lsid:ipni.org:names:77173290-1
Hoya samarensis Kloppenb. & Siar,Hoya samarensis subsp. gutierrezii Kloppenb.,/taxon/urn:lsid:ipni.org:names:77144297-1
Hoya samarensis Kloppenb. & Siar,Hoya samarensis subsp. samarensis ,/taxon/urn:lsid:ipni.org:names:77172588-1
Hoya santiagoi Kloppenb. & Siar,Hoya santiagoi subsp. mendozae Kloppenb.,/taxon/urn:lsid:ipni.org:names:77134244-1
Hoya santiagoi Kloppenb. & Siar,Hoya santiagoi subsp. santiagoi ,/taxon/urn:lsid:ipni.org:names:77172891-1
Hoya savaiiensis Kloppenb.,Hoya savaiiensis subsp. falealupoensis Kloppenb.,/taxon/urn:lsid:ipni.org:names:77150049-1
Hoya savaiiensis Kloppenb.,Hoya savaiiensis subsp. savaiiensis ,/taxon/urn:lsid:ipni.org:names:77173524-1
Cousinia glaucopsis Bornm. & Rech.f.,Cousinia glaucopsis var. glaucopsis ,/taxon/urn:lsid:ipni.org:names:77232435-1
Cousinia glaucopsis Bornm. & Rech.f.,Cousinia glaucopsis var. spinellosissima Bornm. & Rech.f.,/taxon/urn:lsid:ipni.org:names:77181580-1
Berberis everestiana Ahrendt,Berberis everestiana var. everestiana ,/taxon/urn:lsid:ipni.org:names:77227988-1
Berberis everestiana Ahrendt,Berberis everestiana var. ventosa Ahrendt,/taxon/urn:lsid:ipni.org:names:77249636-1
Hieracium bocconei Griseb.,Hieracium bocconei subsp. bocconei ,/taxon/urn:lsid:ipni.org:names:77180118-1
Hieracium bocconei Griseb.,Hieracium bocconei subsp. cornense Zahn,/taxon/urn:lsid:ipni.org:names:77253899-1
Hieracium bocconei Griseb.,Hieracium bocconei subsp. devexicola Zahn,/taxon/urn:lsid:ipni.org:names:77253749-1
Hieracium bocconei Griseb.,Hieracium bocconei subsp. engadinense (Zahn) Zahn,/taxon/urn:lsid:ipni.org:names:3271499-4
Hieracium bocconei Griseb.,Hieracium bocconei subsp. imhofii Zahn,/taxon/urn:lsid:ipni.org:names:3271501-4
Hieracium bocconei Griseb.,Hieracium bocconei subsp. ramiparum Zahn,/taxon/urn:lsid:ipni.org:names:3271502-4
Hieracium bupleuroides C.C.Gmel.,Hieracium bupleuroides subsp. adenobupleuroides Fen. & Zahn,/taxon/urn:lsid:ipni.org:names:3271555-4
Hieracium bupleuroides C.C.Gmel.,Hieracium bupleuroides subsp. aprutiorum (Furrer & Zahn) Gottschl.,/taxon/urn:lsid:ipni.org:names:77096761-1
Hieracium bupleuroides C.C.Gmel.,Hieracium bupleuroides subsp. arcuatum Nägeli & Peter,/taxon/urn:lsid:ipni.org:names:3271556-4
Hieracium bupleuroides C.C.Gmel.,Hieracium bupleuroides subsp. breviflorum Nägeli & Peter,/taxon/urn:lsid:ipni.org:names:77253692-1
Hieracium bupleuroides C.C.Gmel.,Hieracium bupleuroides subsp. bupleuroides ,/taxon/urn:lsid:ipni.org:names:77180628-1
Hieracium bupleuroides C.C.Gmel.,Hieracium bupleuroides subsp. bupleuroidiforme (Murr & Zahn) Zahn,/taxon/urn:lsid:ipni.org:names:3271557-4
Hieracium bupleuroides C.C.Gmel.,Hieracium bupleuroides subsp. calathodes Nägeli & Peter,/taxon/urn:lsid:ipni.org:names:3271560-4
Hieracium bupleuroides C.C.Gmel.,Hieracium bupleuroides subsp. calathodiiforme Zahn,/taxon/urn:lsid:ipni.org:names:3271562-4
Hieracium bupleuroides C.C.Gmel.,Hieracium bupleuroides subsp. cassianum Pamp. & Zahn,/taxon/urn:lsid:ipni.org:names:3271563-4
Hieracium bupleuroides C.C.Gmel.,Hieracium bupleuroides subsp. comophyllum Nägeli & Peter,/taxon/urn:lsid:ipni.org:names:77253305-1
Hieracium bupleuroides C.C.Gmel.,Hieracium bupleuroides subsp. crinifolium Nägeli & Peter,/taxon/urn:lsid:ipni.org:names:77253954-1
Hieracium bupleuroides C.C.Gmel.,Hieracium bupleuroides subsp. dolense Nägeli & Peter,/taxon/urn:lsid:ipni.org:names:3271565-4
Hieracium bupleuroides C.C.Gmel.,Hieracium bupleuroides subsp. eriolepium Nägeli & Peter,/taxon/urn:lsid:ipni.org:names:3271566-4
Hieracium bupleuroides C.C.Gmel.,Hieracium bupleuroides subsp. gamperdonense Murr & Zahn,/taxon/urn:lsid:ipni.org:names:3271567-4
Hieracium bupleuroides C.C.Gmel.,Hieracium bupleuroides subsp. glaberrimum (Spreng.) Fr.,/taxon/urn:lsid:ipni.org:names:77253599-1
Hieracium bupleuroides C.C.Gmel.,Hieracium bupleuroides subsp. inulifolium (Prantl) Nägeli & Peter,/taxon/urn:lsid:ipni.org:names:77253144-1
Hieracium bupleuroides C.C.Gmel.,Hieracium bupleuroides subsp. laeviceps Nägeli & Peter,/taxon/urn:lsid:ipni.org:names:77215724-1
Hieracium bupleuroides C.C.Gmel.,Hieracium bupleuroides subsp. maglandicum Zahn,/taxon/urn:lsid:ipni.org:names:3271568-4
Hieracium bupleuroides C.C.Gmel.,Hieracium bupleuroides subsp. malacosericeum Rech.f. & Zahn,/taxon/urn:lsid:ipni.org:names:3271569-4
Hieracium bupleuroides C.C.Gmel.,Hieracium bupleuroides subsp. mnoolepium Nägeli & Peter,/taxon/urn:lsid:ipni.org:names:77253426-1
Hieracium bupleuroides C.C.Gmel.,Hieracium bupleuroides subsp. moenense Zahn,/taxon/urn:lsid:ipni.org:names:3271570-4
Hieracium bupleuroides C.C.Gmel.,Hieracium bupleuroides subsp. mortimontanum Zahn,/taxon/urn:lsid:ipni.org:names:3271571-4
Hieracium bupleuroides C.C.Gmel.,Hieracium bupleuroides subsp. pantotrichum Nägeli & Peter,/taxon/urn:lsid:ipni.org:names:3271572-4
Hieracium bupleuroides C.C.Gmel.,Hieracium bupleuroides subsp. praetutiense Nägeli & Peter,/taxon/urn:lsid:ipni.org:names:3271573-4
Hieracium bupleuroides C.C.Gmel.,Hieracium bupleuroides subsp. pseudophyllobracteum Zahn,/taxon/urn:lsid:ipni.org:names:3271574-4
Hieracium bupleuroides C.C.Gmel.,Hieracium bupleuroides subsp. pseudoschenkii Rohlena & Zahn,/taxon/urn:lsid:ipni.org:names:60433002-2
Hieracium bupleuroides C.C.Gmel.,Hieracium bupleuroides subsp. pseudotatrae Nägeli & Peter,/taxon/urn:lsid:ipni.org:names:3271575-4
Hieracium bupleuroides C.C.Gmel.,Hieracium bupleuroides subsp. romanorum Korb & Zahn,/taxon/urn:lsid:ipni.org:names:3271576-4
Hieracium bupleuroides C.C.Gmel.,Hieracium bupleuroides subsp. scabriceps Nägeli & Peter,/taxon/urn:lsid:ipni.org:names:60477484-2
Hieracium bupleuroides C.C.Gmel.,Hieracium bupleuroides subsp. schenkii (Griseb.) Nägeli & Peter,/taxon/urn:lsid:ipni.org:names:3240902-4
Hieracium bupleuroides C.C.Gmel.,Hieracium bupleuroides subsp. schmidelyanum Zahn,/taxon/urn:lsid:ipni.org:names:3271578-4
Hieracium bupleuroides C.C.Gmel.,Hieracium bupleuroides subsp. tririvicola Gottschl.,/taxon/urn:lsid:ipni.org:names:77161025-1
Hieracium bupleuroides C.C.Gmel.,Hieracium bupleuroides subsp. wahlenbergii Nägeli & Peter,/taxon/urn:lsid:ipni.org:names:3271579-4
Hieracium chlorocephalum R.Uechtr.,Hieracium chlorocephalum subsp. adustum Zahn & Benz,/taxon/urn:lsid:ipni.org:names:3271763-4
Hieracium chlorocephalum R.Uechtr.,Hieracium chlorocephalum subsp. chlorocephalum ,/taxon/urn:lsid:ipni.org:names:77180331-1
Hieracium chlorocephalum R.Uechtr.,Hieracium chlorocephalum subsp. stygium (R.Uechtr.) Zahn,/taxon/urn:lsid:ipni.org:names:77253206-1
Hieracium sauzei Arv.-Touv.,Hieracium sauzei subsp. ochrospermum Zahn,/taxon/urn:lsid:ipni.org:names:77253480-1
Hieracium sauzei Arv.-Touv.,Hieracium sauzei subsp. sauzei ,/taxon/urn:lsid:ipni.org:names:77233219-1
Hieracium sauzei Arv.-Touv.,Hieracium sauzei subsp. subsauzei Zahn,/taxon/urn:lsid:ipni.org:names:77253286-1
Hieracium saxatile Jacq.,Hieracium saxatile subsp. coriifolium (Nägeli & Peter) Greuter,/taxon/urn:lsid:ipni.org:names:77096541-1
Hieracium saxatile Jacq.,Hieracium saxatile subsp. saxatile ,/taxon/urn:lsid:ipni.org:names:77180313-1
Hieracium saxifragum Fr.,Hieracium saxifragum var. altenahrense Touton,/taxon/urn:lsid:ipni.org:names:77119302-1
Hieracium saxifragum Fr.,Hieracium saxifragum subsp. austrovallesiacum Zahn,/taxon/urn:lsid:ipni.org:names:215235-1
Hieracium saxifragum Fr.,Hieracium saxifragum subsp. carolipolitanum Dunkel,/taxon/urn:lsid:ipni.org:names:20002818-1
Hieracium saxifragum Fr.,Hieracium saxifragum subsp. dufftii Zahn,/taxon/urn:lsid:ipni.org:names:3286449-4
Hieracium saxifragum Fr.,Hieracium saxifragum subsp. extensiforme (Dahlst.) Zahn,/taxon/urn:lsid:ipni.org:names:3272330-4
Hieracium saxifragum Fr.,Hieracium saxifragum subsp. freibergianum (Zahn) Zahn,/taxon/urn:lsid:ipni.org:names:3286450-4
Hieracium saxifragum Fr.,Hieracium saxifragum subsp. geminiflorum (Arv.-Touv. & Gaut.) Zahn,/taxon/urn:lsid:ipni.org:names:77253247-1
Hieracium saxifragum Fr.,Hieracium saxifragum subsp. hemipolium Zahn,/taxon/urn:lsid:ipni.org:names:3286453-4
Hieracium saxifragum Fr.,Hieracium saxifragum subsp. lettinum Zahn,/taxon/urn:lsid:ipni.org:names:3286454-4
Hieracium saxifragum Fr.,Hieracium saxifragum subsp. lurlejense Zahn,/taxon/urn:lsid:ipni.org:names:3286455-4
Hieracium saxifragum Fr.,Hieracium saxifragum subsp. luteoglaucescens Zahn,/taxon/urn:lsid:ipni.org:names:219639-1
Hieracium saxifragum Fr.,"Hieracium saxifragum var. mirantesianum (Mateo, Egido & Gómiz) Mateo, Egido & Gómiz",/taxon/urn:lsid:ipni.org:names:3286448-4
Hieracium saxifragum Fr.,Hieracium saxifragum subsp. petrogeton Zahn,/taxon/urn:lsid:ipni.org:names:3286457-4
Hieracium saxifragum Fr.,Hieracium saxifragum subsp. pseudextensum Zahn,/taxon/urn:lsid:ipni.org:names:3286458-4
Hieracium saxifragum Fr.,Hieracium saxifragum subsp. regiomontis Zahn,/taxon/urn:lsid:ipni.org:names:3286459-4
Hieracium saxifragum Fr.,Hieracium saxifragum subsp. rhenobavaricum Zahn,/taxon/urn:lsid:ipni.org:names:3286460-4
Hieracium saxifragum Fr.,Hieracium saxifragum subsp. saxifragum ,/taxon/urn:lsid:ipni.org:names:77180617-1
Hieracium saxifragum Fr.,Hieracium saxifragum subsp. sempronianum (Wolf. ex Favrat) Zahn,/taxon/urn:lsid:ipni.org:names:77253364-1
Hieracium saxifragum Fr.,Hieracium saxifragum subsp. tolosanum (Arv.-Touv.) Zahn,/taxon/urn:lsid:ipni.org:names:77253710-1
Hieracium saxifragum Fr.,Hieracium saxifragum subsp. venustum (Arv.-Touv.) Zahn,/taxon/urn:lsid:ipni.org:names:77253311-1
Hieracium saxifragum Fr.,Hieracium saxifragum subsp. vulpii Zahn,/taxon/urn:lsid:ipni.org:names:77253208-1
"Hieracium scapigerum Boiss., Orph. & Heldr.",Hieracium scapigerum subsp. bellii (Arv.-Touv.) Zahn,/taxon/urn:lsid:ipni.org:names:77253823-1
"Hieracium scapigerum Boiss., Orph. & Heldr.","Hieracium scapigerum subsp. falacronense Gottschl., Dunkel & Meierott",/taxon/urn:lsid:ipni.org:names:77147199-1
"Hieracium scapigerum Boiss., Orph. & Heldr.",Hieracium scapigerum subsp. scapigerum ,/taxon/urn:lsid:ipni.org:names:77180441-1
Hieracium scardicum Bornm. & Zahn,Hieracium scardicum subsp. hypopannosum T.Georgiev & Zahn,/taxon/urn:lsid:ipni.org:names:3286502-4
Hieracium scardicum Bornm. & Zahn,Hieracium scardicum subsp. lachnoneuron T.Georgiev & Zahn,/taxon/urn:lsid:ipni.org:names:3286503-4
Hieracium scardicum Bornm. & Zahn,Hieracium scardicum subsp. scardicum ,/taxon/urn:lsid:ipni.org:names:77180049-1
Hieracium scheppigianum Freyn,Hieracium scheppigianum subsp. leiolepium Zahn,/taxon/urn:lsid:ipni.org:names:3286504-4
Hieracium scheppigianum Freyn,Hieracium scheppigianum subsp. scheppigianum ,/taxon/urn:lsid:ipni.org:names:77180717-1
Hieracium scheppigianum Freyn,Hieracium scheppigianum subsp. volujakense Zahn,/taxon/urn:lsid:ipni.org:names:60432998-2
Hieracium schmidtii Tausch,Hieracium schmidtii subsp. acrocrocydotum (Zahn) Greuter,/taxon/urn:lsid:ipni.org:names:77085595-1
Hieracium schmidtii Tausch,Hieracium schmidtii subsp. arcicola (Arv.-Touv.) O.Bolòs & Vigo,/taxon/urn:lsid:ipni.org:names:991152-1
Hieracium schmidtii Tausch,Hieracium schmidtii subsp. argaeum (Zahn) Greuter,/taxon/urn:lsid:ipni.org:names:77085596-1
Hieracium schmidtii Tausch,"Hieracium schmidtii subsp. argyrosericeum (O.Behr, E.Behr & Zahn) Greuter",/taxon/urn:lsid:ipni.org:names:77085597-1
Hieracium schmidtii Tausch,Hieracium schmidtii subsp. balkanum (R.Uechtr. ex Pančić) Niketić,/taxon/urn:lsid:ipni.org:names:77190859-1
Hieracium schmidtii Tausch,Hieracium schmidtii subsp. barbulatiforme (Zahn) O.Bolòs & Vigo,/taxon/urn:lsid:ipni.org:names:991147-1
Hieracium schmidtii Tausch,"Hieracium schmidtii subsp. basicrinuloides (O.Behr, E.Behr & Zahn) Greuter",/taxon/urn:lsid:ipni.org:names:77085599-1
Hieracium schmidtii Tausch,Hieracium schmidtii subsp. brachetianum (Arv.-Touv. & Gaut.) Gottschl.,/taxon/urn:lsid:ipni.org:names:77089581-1
Hieracium schmidtii Tausch,Hieracium schmidtii subsp. brunelliforme (Arv.-Touv.) O.Bolòs & Vigo,/taxon/urn:lsid:ipni.org:names:991150-1
Hieracium schmidtii Tausch,Hieracium schmidtii subsp. catriae Gottschl.,/taxon/urn:lsid:ipni.org:names:77116806-1
Hieracium schmidtii Tausch,Hieracium schmidtii subsp. cenomanicum (Zahn) Greuter,/taxon/urn:lsid:ipni.org:names:77096542-1
Hieracium schmidtii Tausch,Hieracium schmidtii subsp. ceratodon (Arv.-Touv.) O.Bolòs & Vigo,/taxon/urn:lsid:ipni.org:names:991156-1
Hieracium schmidtii Tausch,Hieracium schmidtii subsp. ceratophylloides (Zahn) Gottschl.,/taxon/urn:lsid:ipni.org:names:77089619-1
Hieracium schmidtii Tausch,Hieracium schmidtii subsp. cochleariforme Gottschl.,/taxon/urn:lsid:ipni.org:names:77116807-1
Hieracium schmidtii Tausch,Hieracium schmidtii subsp. comatulum (Jord. ex Boreau) O.Bolòs & Vigo,/taxon/urn:lsid:ipni.org:names:991142-1
title,name,link
Mucuna diabolica Backer,Mucuna diabolica subsp. diabolica ,/taxon/urn:lsid:ipni.org:names:77190574-1
Mucuna diabolica Backer,Mucuna diabolica subsp. kenneallyi Verdc.,/taxon/urn:lsid:ipni.org:names:916470-1
Mucuna coriacea Baker,Mucuna coriacea subsp. coriacea ,/taxon/urn:lsid:ipni.org:names:77190552-1
Mucuna coriacea Baker,Mucuna coriacea subsp. irritans (Burtt Davy) Verdc.,/taxon/urn:lsid:ipni.org:names:77250175-1
Mucuna gigantea (Willd.) DC.,Mucuna gigantea subsp. gigantea ,/taxon/urn:lsid:ipni.org:names:77190591-1
Mucuna gigantea (Willd.) DC.,Mucuna gigantea subsp. tashiroi (Hayata) H.Ohashi & Tateishi,/taxon/urn:lsid:ipni.org:names:885632-1
Mucuna hainanensis Hayata,Mucuna hainanensis subsp. hainanensis ,/taxon/urn:lsid:ipni.org:names:77190585-1
Mucuna hainanensis Hayata,Mucuna hainanensis subsp. multilamellata Wilmot-Dear,/taxon/urn:lsid:ipni.org:names:965264-1
Mucuna pesa De Wild.,Mucuna pesa var. glabrescens Hauman,/taxon/urn:lsid:ipni.org:names:77250257-1
Mucuna pesa De Wild.,Mucuna pesa var. pesa ,/taxon/urn:lsid:ipni.org:names:77190588-1
Mucuna pruriens (L.) DC.,Mucuna pruriens var. hirsuta (Wight & Arn.) Wilmot-Dear,/taxon/urn:lsid:ipni.org:names:953400-1
Mucuna pruriens (L.) DC.,Mucuna pruriens var. pruriens ,/taxon/urn:lsid:ipni.org:names:77190582-1
Mucuna pruriens (L.) DC.,Mucuna pruriens var. utilis (Wall. ex Wight) Baker ex Burck,/taxon/urn:lsid:ipni.org:names:77251100-1
Bersama abyssinica Fresen.,Bersama abyssinica subsp. abyssinica ,/taxon/urn:lsid:ipni.org:names:77228344-1
Bersama abyssinica Fresen.,Bersama abyssinica subsp. paullinioides (Planch.) Verdc.,/taxon/urn:lsid:ipni.org:names:77249281-1
Bersama abyssinica Fresen.,Bersama abyssinica subsp. rosea (Hoyle) Mikkelsen,/taxon/urn:lsid:ipni.org:names:1021145-1
Ononis alba Poir.,Ononis alba subsp. alba ,/taxon/urn:lsid:ipni.org:names:77190541-1
Ononis alba Poir.,Ononis alba subsp. monophylla (Desf.) Murb.,/taxon/urn:lsid:ipni.org:names:77251934-1
Ononis alba Poir.,Ononis alba subsp. tuna (Pomel) Maire,/taxon/urn:lsid:ipni.org:names:77251126-1
Ononis alopecuroides L.,Ononis alopecuroides subsp. alopecuroides ,/taxon/urn:lsid:ipni.org:names:77190524-1
Ononis alopecuroides L.,Ononis alopecuroides subsp. exalopecuroides (G.López) Greuter & Burdet,/taxon/urn:lsid:ipni.org:names:955505-1
Ononis alopecuroides L.,Ononis alopecuroides subsp. simulata (Pau & Font Quer) Maire,/taxon/urn:lsid:ipni.org:names:77251812-1
Ononis angustissima Lam.,Ononis angustissima subsp. angustissima ,/taxon/urn:lsid:ipni.org:names:77190520-1
Ononis angustissima Lam.,Ononis angustissima subsp. falcata (Viv.) Murb.,/taxon/urn:lsid:ipni.org:names:77251835-1
Ononis angustissima Lam.,Ononis angustissima subsp. filifolia Murb.,/taxon/urn:lsid:ipni.org:names:510314-1
Ononis angustissima Lam.,Ononis angustissima subsp. longifolia (Brouss. ex Willd.) Förther & Podlech,/taxon/urn:lsid:ipni.org:names:967383-1
Ononis angustissima Lam.,Ononis angustissima subsp. mauritii (Maire & Sennen) Förther & Podlech,/taxon/urn:lsid:ipni.org:names:967385-1
Ononis angustissima Lam.,Ononis angustissima subsp. paralias (Förther & Podlech) Dobignard,/taxon/urn:lsid:ipni.org:names:77121491-1
Ononis angustissima Lam.,Ononis angustissima subsp. polyclada Murb.,/taxon/urn:lsid:ipni.org:names:510444-1
Ononis antennata Pomel,Ononis antennata subsp. antennata ,/taxon/urn:lsid:ipni.org:names:77190618-1
Ononis antennata Pomel,Ononis antennata subsp. massesylia (Pomel) Širj.,/taxon/urn:lsid:ipni.org:names:77252090-1
Ononis antennata Pomel,Ononis antennata subsp. natricoides Širj.,/taxon/urn:lsid:ipni.org:names:77251764-1
Ononis cephalantha Pomel,Ononis cephalantha subsp. cephalantha ,/taxon/urn:lsid:ipni.org:names:77190605-1
Ononis cephalantha Pomel,Ononis cephalantha subsp. pseudocephalantha (Emb. & Maire) Maire,/taxon/urn:lsid:ipni.org:names:77251361-1
Ononis cristata Mill.,"Ononis cristata subsp. ayachica Dobignard, Jacquemoud & Jeanm.",/taxon/urn:lsid:ipni.org:names:77065663-1
Ononis cristata Mill.,Ononis cristata subsp. cristata ,/taxon/urn:lsid:ipni.org:names:77190545-1
Ononis hispida Desf.,Ononis hispida subsp. arborescens (Desf.) Širj.,/taxon/urn:lsid:ipni.org:names:77251404-1
Ononis hispida Desf.,Ononis hispida subsp. hispida ,/taxon/urn:lsid:ipni.org:names:77190526-1
Maackia amurensis Rupr.,Maackia amurensis var. amurensis ,/taxon/urn:lsid:ipni.org:names:77190406-1
Maackia amurensis Rupr.,Maackia amurensis var. stenocarpa Nakai,/taxon/urn:lsid:ipni.org:names:77252385-1
Ononis natrix L.,Ononis natrix subsp. arganietorum (Maire) Širj.,/taxon/urn:lsid:ipni.org:names:77251342-1
Ononis natrix L.,Ononis natrix subsp. hesperia Maire,/taxon/urn:lsid:ipni.org:names:50968162-1
Ononis natrix L.,Ononis natrix subsp. hispanica (L.f.) Cout.,/taxon/urn:lsid:ipni.org:names:77250379-1
Ononis natrix L.,Ononis natrix subsp. natrix ,/taxon/urn:lsid:ipni.org:names:77190616-1
Ononis natrix L.,Ononis natrix subsp. prostrata (Braun-Blanq. & Wilczek) Širj.,/taxon/urn:lsid:ipni.org:names:77252034-1
Ononis natrix L.,Ononis natrix subsp. stenophylla (Boiss.) Širj.,/taxon/urn:lsid:ipni.org:names:77251156-1
Ononis pendula Desf.,Ononis pendula subsp. boissieri (Širj.) Devesa,/taxon/urn:lsid:ipni.org:names:953084-1
Ononis pendula Desf.,Ononis pendula subsp. broussonetii (Ser.) Emb. & Maire,/taxon/urn:lsid:ipni.org:names:77251821-1
Ononis pendula Desf.,Ononis pendula subsp. munbyi (Širj.) Greuter & Burdet,/taxon/urn:lsid:ipni.org:names:953332-1
Ononis pendula Desf.,Ononis pendula subsp. pendula ,/taxon/urn:lsid:ipni.org:names:77190571-1
Ononis pusilla L.,Ononis pusilla subsp. pusilla ,/taxon/urn:lsid:ipni.org:names:77190558-1
Ononis pusilla L.,Ononis pusilla subsp. saxicola (Boiss. & Reut.) Malag.,/taxon/urn:lsid:ipni.org:names:885661-1
Ononis reclinata L.,Ononis reclinata subsp. minor (Moris) Arcang.,/taxon/urn:lsid:ipni.org:names:77251440-1
Ononis reclinata L.,Ononis reclinata subsp. reclinata ,/taxon/urn:lsid:ipni.org:names:77190551-1
Ononis spinosa L.,Ononis spinosa subsp. antiquorum (L.) Arcang.,/taxon/urn:lsid:ipni.org:names:77251042-1
Ononis spinosa L.,Ononis spinosa subsp. australis (Širj.) Greuter & Burdet,/taxon/urn:lsid:ipni.org:names:955507-1
Ononis spinosa L.,Ononis spinosa subsp. austriaca (Beck) Gams,/taxon/urn:lsid:ipni.org:names:77250602-1
Ononis spinosa L.,Ononis spinosa subsp. diacantha (Sieber ex Rchb.) Greuter,/taxon/urn:lsid:ipni.org:names:77251427-1
Ononis spinosa L.,Ononis spinosa subsp. leiosperma (Boiss.) Širj.,/taxon/urn:lsid:ipni.org:names:77250126-1
Ononis spinosa L.,Ononis spinosa subsp. masquillierii (Bertol.) Negodi,/taxon/urn:lsid:ipni.org:names:77249935-1
Ononis spinosa L.,Ononis spinosa subsp. procurrens (Wallr.) Briq.,/taxon/urn:lsid:ipni.org:names:77252049-1
Ononis spinosa L.,Ononis spinosa nothosubsp. pseudohircina (Schur) B.Bock,/taxon/urn:lsid:ipni.org:names:77118709-1
Ononis spinosa L.,Ononis spinosa var. sancti-marini Pamp.,/taxon/urn:lsid:ipni.org:names:77158151-1
Ononis spinosa L.,Ononis spinosa subsp. spinosa ,/taxon/urn:lsid:ipni.org:names:77190557-1
Ononis thomsonii Ball ex Oliv.,Ononis thomsonii subsp. semiglabra (Maire) Dobignard,/taxon/urn:lsid:ipni.org:names:77065665-1
Ononis thomsonii Ball ex Oliv.,Ononis thomsonii subsp. thomsonii ,/taxon/urn:lsid:ipni.org:names:77190599-1
Ononis tridentata L.,Ononis tridentata subsp. angustifolia (Lange) Devesa & G.López,/taxon/urn:lsid:ipni.org:names:998867-1
Ononis tridentata L.,"Ononis tridentata subsp. barrelieri (Dufour) Pérez Dacosta, Uribe-Ech. & Urrutia",/taxon/urn:lsid:ipni.org:names:20002590-1
Ononis tridentata L.,"Ononis tridentata subsp. mauretanica (Maire) Agulló, Juan, M.A.Alonso, Terrones & M.B.Crespo",/taxon/urn:lsid:ipni.org:names:3299949-4
Ononis tridentata L.,Ononis tridentata subsp. tridentata ,/taxon/urn:lsid:ipni.org:names:3299947-4
Ononis viscosa L.,Ononis viscosa subsp. brachycarpa (DC.) Batt.,/taxon/urn:lsid:ipni.org:names:77250752-1
Ononis viscosa L.,Ononis viscosa subsp. breviflora (DC.) Nyman,/taxon/urn:lsid:ipni.org:names:77251114-1
Ononis viscosa L.,Ononis viscosa subsp. porrigens Ball,/taxon/urn:lsid:ipni.org:names:77251003-1
title,name,link
Grevillea floribunda R.Br.,Grevillea floribunda subsp. floribunda ,/taxon/urn:lsid:ipni.org:names:77230667-1
Grevillea floribunda R.Br.,Grevillea floribunda subsp. tenella Olde & Marriott,/taxon/urn:lsid:ipni.org:names:982572-1
Androsace halleri L.,Androsace halleri subsp. halleri ,/taxon/urn:lsid:ipni.org:names:77228194-1
Androsace halleri L.,Androsace halleri subsp. nuria Schönsw. & Schneew.,/taxon/urn:lsid:ipni.org:names:77145899-1
Monnina salicifolia Ruiz & Pav.,Monnina salicifolia var. pilostylis Ferreyra,/taxon/urn:lsid:ipni.org:names:163663-2
Monnina salicifolia Ruiz & Pav.,Monnina salicifolia var. salicifolia ,/taxon/urn:lsid:ipni.org:names:77226008-1
Muraltia empleuridioides Schltr.,Muraltia empleuridioides var. diversifolia Levyns,/taxon/urn:lsid:ipni.org:names:77251746-1
Muraltia empleuridioides Schltr.,Muraltia empleuridioides var. empleuridioides ,/taxon/urn:lsid:ipni.org:names:77226502-1
Muraltia filiformis (Thunb.) DC.,Muraltia filiformis var. caledonensis Levyns,/taxon/urn:lsid:ipni.org:names:77251689-1
Muraltia filiformis (Thunb.) DC.,Muraltia filiformis var. filiformis ,/taxon/urn:lsid:ipni.org:names:77226618-1
Ardisia merrillii E.Walker,Ardisia merrillii var. merrillii ,/taxon/urn:lsid:ipni.org:names:77228366-1
Ardisia merrillii E.Walker,Ardisia merrillii var. rosea C.M.Hu & J.E.Vidal,/taxon/urn:lsid:ipni.org:names:996794-1
Ardisia mexicana Lundell,Ardisia mexicana subsp. mexicana ,/taxon/urn:lsid:ipni.org:names:77228699-1
Ardisia mexicana Lundell,Ardisia mexicana subsp. siltepecana (Lundell) Pipoly & Ricketson,/taxon/urn:lsid:ipni.org:names:60438476-2
Muraltia saturejoides Burch. ex DC.,Muraltia saturejoides var. floribunda Levyns,/taxon/urn:lsid:ipni.org:names:77251868-1
Muraltia saturejoides Burch. ex DC.,Muraltia saturejoides var. salteri (Levyns) Levyns,/taxon/urn:lsid:ipni.org:names:77251125-1
Muraltia saturejoides Burch. ex DC.,Muraltia saturejoides var. saturejoides ,/taxon/urn:lsid:ipni.org:names:77226371-1
Ardisia nhatrangensis C.M.Hu & J.E.Vidal,Ardisia nhatrangensis var. glaucescens C.M.Hu & J.E.Vidal,/taxon/urn:lsid:ipni.org:names:996796-1
Ardisia nhatrangensis C.M.Hu & J.E.Vidal,Ardisia nhatrangensis var. neurophylla C.M.Hu & J.E.Vidal,/taxon/urn:lsid:ipni.org:names:996797-1
Ardisia nhatrangensis C.M.Hu & J.E.Vidal,Ardisia nhatrangensis var. nhatrangensis ,/taxon/urn:lsid:ipni.org:names:77228870-1
Ardisia obtusa Mez,Ardisia obtusa var. montana (Pit.) C.M.Hu & J.E.Vidal,/taxon/urn:lsid:ipni.org:names:996798-1
Ardisia obtusa Mez,Ardisia obtusa subsp. obtusa ,/taxon/urn:lsid:ipni.org:names:77227989-1
Ardisia obtusa Mez,Ardisia obtusa subsp. pachyphylla (Dunn) Pipoly & C.Chen,/taxon/urn:lsid:ipni.org:names:986425-1
Ardisia opegrapha Oerst.,Ardisia opegrapha subsp. opegrapha ,/taxon/urn:lsid:ipni.org:names:77228131-1
Ardisia opegrapha Oerst.,Ardisia opegrapha subsp. paquitensis (Lundell) Pipoly & Ricketson,/taxon/urn:lsid:ipni.org:names:1006216-1
Ardisia opegrapha Oerst.,Ardisia opegrapha subsp. wagneri (Mez) Pipoly & Ricketson,/taxon/urn:lsid:ipni.org:names:1006215-1
Ardisia pellucida Oerst.,Ardisia pellucida subsp. lancetillensis Ricketson & Pipoly,/taxon/urn:lsid:ipni.org:names:327480-2
Ardisia pellucida Oerst.,Ardisia pellucida subsp. pectinata (Donn.Sm.) Ricketson & Pipoly,/taxon/urn:lsid:ipni.org:names:1038005-2
Ardisia pellucida Oerst.,Ardisia pellucida subsp. pellucida ,/taxon/urn:lsid:ipni.org:names:77228477-1
Ardisia pellucida Oerst.,Ardisia pellucida subsp. thomascroatii Ricketson & Pipoly,/taxon/urn:lsid:ipni.org:names:327484-2
Ardisia perpendicularis E.Walker,Ardisia perpendicularis var. balansana (Y.P.Yang) C.M.Hu,/taxon/urn:lsid:ipni.org:names:996800-1
Ardisia perpendicularis E.Walker,Ardisia perpendicularis var. perpendicularis ,/taxon/urn:lsid:ipni.org:names:77228910-1
Ardisia polysticta Miq.,Ardisia polysticta subsp. polysticta ,/taxon/urn:lsid:ipni.org:names:77228179-1
Ardisia polysticta Miq.,Ardisia polysticta subsp. punctipetala (Merr.) C.M.Hu,/taxon/urn:lsid:ipni.org:names:1010358-1
Ardisia prionata E.Walker,Ardisia prionata var. linearifolia (Pit.) C.M.Hu & J.E.Vidal,/taxon/urn:lsid:ipni.org:names:996802-1
Ardisia prionata E.Walker,Ardisia prionata var. prionata ,/taxon/urn:lsid:ipni.org:names:77228351-1
Ardisia pubicalyx Miq.,Ardisia pubicalyx var. collinsiae (H.R.Fletcher) C.M.Hu,/taxon/urn:lsid:ipni.org:names:1010364-1
Ardisia pubicalyx Miq.,Ardisia pubicalyx var. pubicalyx ,/taxon/urn:lsid:ipni.org:names:77228586-1
Ardisia purseglovei Furtado,Ardisia purseglovei var. petiolaris B.C.Stone,/taxon/urn:lsid:ipni.org:names:964980-1
Ardisia purseglovei Furtado,Ardisia purseglovei var. purseglovei ,/taxon/urn:lsid:ipni.org:names:77228734-1
Ardisia quinquegona Blume,Ardisia quinquegona var. latifolia Pit.,/taxon/urn:lsid:ipni.org:names:77250024-1
Ardisia quinquegona Blume,Ardisia quinquegona var. quinquegona ,/taxon/urn:lsid:ipni.org:names:77228102-1
Eriogonum abertianum Torr.,Eriogonum abertianum var. abertianum ,/taxon/urn:lsid:ipni.org:names:77230275-1
Eriogonum abertianum Torr.,Eriogonum abertianum var. cyclosepalum (Greene) Fosberg,/taxon/urn:lsid:ipni.org:names:94642-2
Eriogonum alatum Torr.,Eriogonum alatum var. alatum ,/taxon/urn:lsid:ipni.org:names:77230401-1
Eriogonum alatum Torr.,Eriogonum alatum var. glabriusculum Torr.,/taxon/urn:lsid:ipni.org:names:94663-2
Eriogonum apricum J.T.Howell,Eriogonum apricum var. apricum ,/taxon/urn:lsid:ipni.org:names:77230555-1
Eriogonum apricum J.T.Howell,Eriogonum apricum var. prostratum Myatt,/taxon/urn:lsid:ipni.org:names:94704-2
Eriogonum arcuatum Greene,Eriogonum arcuatum var. arcuatum ,/taxon/urn:lsid:ipni.org:names:77230216-1
Eriogonum arcuatum Greene,Eriogonum arcuatum var. rupicola (Reveal) Reveal,/taxon/urn:lsid:ipni.org:names:60436669-2
Eriogonum arcuatum Greene,Eriogonum arcuatum var. xanthum (Small) Reveal,/taxon/urn:lsid:ipni.org:names:60436670-2
Eriogonum atrorubens Engelm.,Eriogonum atrorubens var. atrorubens ,/taxon/urn:lsid:ipni.org:names:77230366-1
Eriogonum atrorubens Engelm.,Eriogonum atrorubens var. auritulum W.J.Hess & Reveal,/taxon/urn:lsid:ipni.org:names:94712-2
Eriogonum atrorubens Engelm.,Eriogonum atrorubens var. nemorosum W.J.Hess & Reveal,/taxon/urn:lsid:ipni.org:names:94714-2
Eriogonum atrorubens Engelm.,Eriogonum atrorubens var. rupestre (S.Stokes) W.J.Hess & Reveal,/taxon/urn:lsid:ipni.org:names:94716-2
Eriogonum baileyi S.Watson,Eriogonum baileyi var. baileyi ,/taxon/urn:lsid:ipni.org:names:77230338-1
Eriogonum baileyi S.Watson,Eriogonum baileyi var. praebens (Gand.) Reveal,/taxon/urn:lsid:ipni.org:names:94730-2
Ardisia rigida Kurz,Ardisia rigida var. laevis K.Larsen & C.M.Hu,/taxon/urn:lsid:ipni.org:names:965199-1
Ardisia rigida Kurz,Ardisia rigida var. rigida ,/taxon/urn:lsid:ipni.org:names:77228278-1
Eriogonum brevicaule Nutt.,Eriogonum brevicaule var. bannockense (S.Stokes) Reveal,/taxon/urn:lsid:ipni.org:names:60436671-2
Eriogonum brevicaule Nutt.,Eriogonum brevicaule var. brevicaule ,/taxon/urn:lsid:ipni.org:names:77230203-1
Eriogonum brevicaule Nutt.,Eriogonum brevicaule var. caelitum Reveal,/taxon/urn:lsid:ipni.org:names:60437654-2
Eriogonum brevicaule Nutt.,Eriogonum brevicaule var. canum (S.Stokes) Dorn,/taxon/urn:lsid:ipni.org:names:60453460-2
Eriogonum brevicaule Nutt.,Eriogonum brevicaule var. cottamii (S.Stokes) Reveal,/taxon/urn:lsid:ipni.org:names:94747-2
Eriogonum brevicaule Nutt.,Eriogonum brevicaule var. desertorum (Maguire) S.L.Welsh,/taxon/urn:lsid:ipni.org:names:276744-2
Eriogonum brevicaule Nutt.,Eriogonum brevicaule var. laxifolium (Torr. & A.Gray) Reveal,/taxon/urn:lsid:ipni.org:names:94749-2
Eriogonum brevicaule Nutt.,Eriogonum brevicaule var. loganum (A.Nelson) S.L.Welsh,/taxon/urn:lsid:ipni.org:names:276746-2
Eriogonum brevicaule Nutt.,Eriogonum brevicaule var. micranthum (Nutt.) Reveal,/taxon/urn:lsid:ipni.org:names:94751-2
Eriogonum brevicaule Nutt.,Eriogonum brevicaule var. mitophyllum (Reveal) S.L.Welsh,/taxon/urn:lsid:ipni.org:names:77098008-1
Eriogonum brevicaule Nutt.,Eriogonum brevicaule var. nanum (Reveal) S.L.Welsh,/taxon/urn:lsid:ipni.org:names:276747-2
Eriogonum breedlovei (J.T.Howell) Reveal,Eriogonum breedlovei var. breedlovei ,/taxon/urn:lsid:ipni.org:names:77230895-1
Eriogonum breedlovei (J.T.Howell) Reveal,Eriogonum breedlovei var. shevockii J.T.Howell,/taxon/urn:lsid:ipni.org:names:94743-2
Ardisia rubescens Pit.,Ardisia rubescens var. oblongifolia C.M.Hu & J.E.Vidal,/taxon/urn:lsid:ipni.org:names:996810-1
Ardisia rubescens Pit.,Ardisia rubescens var. puberula C.M.Hu & J.E.Vidal,/taxon/urn:lsid:ipni.org:names:996811-1
Ardisia rubescens Pit.,Ardisia rubescens var. rubescens ,/taxon/urn:lsid:ipni.org:names:77228563-1
Eriogonum calcareum (S.Stokes) Grady & Reveal,Eriogonum calcareum var. calcareum ,/taxon/urn:lsid:ipni.org:names:77231402-1
Eriogonum calcareum (S.Stokes) Grady & Reveal,Eriogonum calcareum var. sceptrum (Reveal) Reveal & Mansfield,/taxon/urn:lsid:ipni.org:names:77138059-1
Eriogonum cithariforme S.Watson,Eriogonum cithariforme var. agninum (Greene) Reveal,/taxon/urn:lsid:ipni.org:names:94799-2
Eriogonum cithariforme S.Watson,Eriogonum cithariforme var. cithariforme ,/taxon/urn:lsid:ipni.org:names:77229969-1
Eriogonum compositum Douglas ex Benth.,Eriogonum compositum var. compositum ,/taxon/urn:lsid:ipni.org:names:77230321-1
Eriogonum compositum Douglas ex Benth.,Eriogonum compositum var. lancifolium H.St.John,/taxon/urn:lsid:ipni.org:names:94811-2
Eriogonum compositum Douglas ex Benth.,Eriogonum compositum var. leianthum Hook.,/taxon/urn:lsid:ipni.org:names:94813-2
Eriogonum corymbosum Benth.,Eriogonum corymbosum var. aureum (M.E.Jones) Reveal,/taxon/urn:lsid:ipni.org:names:94827-2
Eriogonum corymbosum Benth.,Eriogonum corymbosum var. corymbosum ,/taxon/urn:lsid:ipni.org:names:77230502-1
Eriogonum corymbosum Benth.,Eriogonum corymbosum var. glutinosum (M.E.Jones) M.E.Jones,/taxon/urn:lsid:ipni.org:names:94831-2
Eriogonum corymbosum Benth.,Eriogonum corymbosum var. heilii Reveal,/taxon/urn:lsid:ipni.org:names:60437655-2
Eriogonum corymbosum Benth.,Eriogonum corymbosum var. nilesii Reveal,/taxon/urn:lsid:ipni.org:names:60437656-2
Eriogonum corymbosum Benth.,Eriogonum corymbosum var. orbiculatum (S.Stokes) Reveal & Brotherson,/taxon/urn:lsid:ipni.org:names:94833-2
Eriogonum corymbosum Benth.,Eriogonum corymbosum var. revealianum (S.L.Welsh) Reveal,/taxon/urn:lsid:ipni.org:names:94834-2
Eriogonum corymbosum Benth.,Eriogonum corymbosum var. velutinum Reveal,/taxon/urn:lsid:ipni.org:names:94835-2
Eriogonum crosbyae Reveal,Eriogonum crosbyae var. crosbyae ,/taxon/urn:lsid:ipni.org:names:77230650-1
Eriogonum crosbyae Reveal,Eriogonum crosbyae var. mystrium (Reveal) Grady & Reveal,/taxon/urn:lsid:ipni.org:names:77112344-1
Eriogonum deflexum Torr.,Eriogonum deflexum var. baratum (Elmer) Reveal,/taxon/urn:lsid:ipni.org:names:94857-2
Eriogonum deflexum Torr.,Eriogonum deflexum var. deflexum ,/taxon/urn:lsid:ipni.org:names:77229986-1
Eriogonum deflexum Torr.,Eriogonum deflexum var. nevadense Reveal,/taxon/urn:lsid:ipni.org:names:94865-2
Ardisia scortechinii King & Gamble,Ardisia scortechinii var. scortechinii ,/taxon/urn:lsid:ipni.org:names:77228761-1
Ardisia scortechinii King & Gamble,Ardisia scortechinii var. trengganuensis C.M.Hu,/taxon/urn:lsid:ipni.org:names:20010062-1
Eriogonum douglasii Benth.,Eriogonum douglasii var. douglasii ,/taxon/urn:lsid:ipni.org:names:77230691-1
Eriogonum douglasii Benth.,Eriogonum douglasii var. elkoense Reveal,/taxon/urn:lsid:ipni.org:names:60437657-2
Eriogonum douglasii Benth.,Eriogonum douglasii var. meridionale Reveal,/taxon/urn:lsid:ipni.org:names:60437658-2
Eriogonum elatum Douglas ex Benth.,Eriogonum elatum var. elatum ,/taxon/urn:lsid:ipni.org:names:77230452-1
Eriogonum elatum Douglas ex Benth.,Eriogonum elatum var. villosum Jeps.,/taxon/urn:lsid:ipni.org:names:94922-2
Eriogonum elongatum Benth.,Eriogonum elongatum var. areorivum Reveal,/taxon/urn:lsid:ipni.org:names:94927-2
Eriogonum elongatum Benth.,Eriogonum elongatum var. elongatum ,/taxon/urn:lsid:ipni.org:names:77230553-1
Eriogonum elongatum Benth.,Eriogonum elongatum var. vollmeri (Wiggins) Reveal,/taxon/urn:lsid:ipni.org:names:94928-2
Ardisia silvestris Pit.,Ardisia silvestris var. appressa C.M.Hu & J.E.Vidal,/taxon/urn:lsid:ipni.org:names:996812-1
Ardisia silvestris Pit.,Ardisia silvestris var. silvestris ,/taxon/urn:lsid:ipni.org:names:77228084-1
Eriogonum esmeraldense S.Watson,Eriogonum esmeraldense var. esmeraldense ,/taxon/urn:lsid:ipni.org:names:77230130-1
Eriogonum esmeraldense S.Watson,Eriogonum esmeraldense var. toiyabense J.T.Howell,/taxon/urn:lsid:ipni.org:names:94937-2
Eriogonum fasciculatum Benth.,Eriogonum fasciculatum var. emphereium Reveal,/taxon/urn:lsid:ipni.org:names:94943-2
Eriogonum fasciculatum Benth.,Eriogonum fasciculatum var. fasciculatum ,/taxon/urn:lsid:ipni.org:names:77230055-1
Eriogonum fasciculatum Benth.,Eriogonum fasciculatum var. flavoviride Munz & I.M.Johnst.,/taxon/urn:lsid:ipni.org:names:94946-2
Eriogonum fasciculatum Benth.,Eriogonum fasciculatum var. foliolosum (Nutt.) S.Stokes ex Abrams,/taxon/urn:lsid:ipni.org:names:94947-2
Eriogonum fasciculatum Benth.,Eriogonum fasciculatum var. polifolium (Benth.) Torr. & A.Gray,/taxon/urn:lsid:ipni.org:names:94952-2
Eriogonum flavum Nutt. ex Benth.,Eriogonum flavum var. aquilinum Reveal,/taxon/urn:lsid:ipni.org:names:94962-2
Eriogonum flavum Nutt. ex Benth.,Eriogonum flavum var. flavum ,/taxon/urn:lsid:ipni.org:names:77230923-1
Eriogonum flavum Nutt. ex Benth.,Eriogonum flavum var. piperi (Greene) M.E.Jones,/taxon/urn:lsid:ipni.org:names:94969-2
Ardisia solanacea Roxb.,Ardisia solanacea var. parviflora (Talbot) Punekar & Lakshmin.,/taxon/urn:lsid:ipni.org:names:77119408-1
Ardisia solanacea Roxb.,Ardisia solanacea var. solanacea ,/taxon/urn:lsid:ipni.org:names:77228398-1
Eriogonum giganteum S.Watson,Eriogonum giganteum var. compactum Dunkle,/taxon/urn:lsid:ipni.org:names:94987-2
Eriogonum giganteum S.Watson,Eriogonum giganteum var. formosum Brandegee,/taxon/urn:lsid:ipni.org:names:94989-2
Eriogonum giganteum S.Watson,Eriogonum giganteum var. giganteum ,/taxon/urn:lsid:ipni.org:names:77230731-1
Eriogonum gracile Benth.,Eriogonum gracile var. gracile ,/taxon/urn:lsid:ipni.org:names:77230432-1
Eriogonum gracile Benth.,Eriogonum gracile var. incultum Reveal,/taxon/urn:lsid:ipni.org:names:276767-2
Eriogonum grande Greene,Eriogonum grande var. grande ,/taxon/urn:lsid:ipni.org:names:77230071-1
Eriogonum grande Greene,Eriogonum grande var. rubescens (Greene) Munz,/taxon/urn:lsid:ipni.org:names:95009-2
Eriogonum grande Greene,Eriogonum grande var. testudinum Reveal,/taxon/urn:lsid:ipni.org:names:95008-2
Eriogonum grande Greene,Eriogonum grande var. timorum Reveal,/taxon/urn:lsid:ipni.org:names:95011-2
Eriogonum heermannii Durand & Hilg.,Eriogonum heermannii var. argense (M.E.Jones) Munz,/taxon/urn:lsid:ipni.org:names:95020-2
Eriogonum heermannii Durand & Hilg.,Eriogonum heermannii var. clokeyi Reveal,/taxon/urn:lsid:ipni.org:names:888510-1
Eriogonum heermannii Durand & Hilg.,Eriogonum heermannii var. floccosum Munz,/taxon/urn:lsid:ipni.org:names:95021-2
Eriogonum heermannii Durand & Hilg.,Eriogonum heermannii var. heermannii ,/taxon/urn:lsid:ipni.org:names:77230916-1
Eriogonum heermannii Durand & Hilg.,Eriogonum heermannii var. humilius (S.Stokes) Reveal,/taxon/urn:lsid:ipni.org:names:95023-2
Eriogonum heermannii Durand & Hilg.,Eriogonum heermannii var. occidentale S.Stokes,/taxon/urn:lsid:ipni.org:names:95025-2
Eriogonum heermannii Durand & Hilg.,Eriogonum heermannii var. subspinosum Reveal,/taxon/urn:lsid:ipni.org:names:60437660-2
Eriogonum heermannii Durand & Hilg.,Eriogonum heermannii var. sulcatum (S.Watson) Munz & Reveal,/taxon/urn:lsid:ipni.org:names:95027-2
Eriogonum hemipterum (Torr. & A.Gray) S.Stokes,Eriogonum hemipterum var. griseum I.M.Johnst.,/taxon/urn:lsid:ipni.org:names:95031-2
Eriogonum hemipterum (Torr. & A.Gray) S.Stokes,Eriogonum hemipterum var. hemipterum ,/taxon/urn:lsid:ipni.org:names:77230363-1
Eriogonum heracleoides Nutt.,Eriogonum heracleoides var. heracleoides ,/taxon/urn:lsid:ipni.org:names:77230230-1
Eriogonum heracleoides Nutt.,Eriogonum heracleoides var. leucophaeum Reveal,/taxon/urn:lsid:ipni.org:names:95034-2
Eriogonum hoffmannii S.Stokes,Eriogonum hoffmannii var. hoffmannii ,/taxon/urn:lsid:ipni.org:names:77230789-1
Eriogonum hoffmannii S.Stokes,Eriogonum hoffmannii var. robustius S.Stokes,/taxon/urn:lsid:ipni.org:names:95050-2
Eriogonum jamesii Benth.,Eriogonum jamesii var. higginsii S.L.Welsh,/taxon/urn:lsid:ipni.org:names:300213-2
Eriogonum jamesii Benth.,Eriogonum jamesii var. jamesii ,/taxon/urn:lsid:ipni.org:names:77230549-1
Eriogonum jamesii Benth.,Eriogonum jamesii var. simplex Gand.,/taxon/urn:lsid:ipni.org:names:95079-2
Eriogonum jamesii Benth.,Eriogonum jamesii var. undulatum (Benth.) S.Stokes ex M.E.Jones,/taxon/urn:lsid:ipni.org:names:95082-2
Eriogonum kennedyi Porter ex S.Watson,Eriogonum kennedyi var. alpigenum (Munz) Munz & I.M.Johnst.,/taxon/urn:lsid:ipni.org:names:290094-2
Eriogonum kennedyi Porter ex S.Watson,Eriogonum kennedyi var. austromontanum Munz & I.M.Johnst.,/taxon/urn:lsid:ipni.org:names:95094-2
Eriogonum kennedyi Porter ex S.Watson,Eriogonum kennedyi var. kennedyi ,/taxon/urn:lsid:ipni.org:names:77230250-1
Eriogonum kennedyi Porter ex S.Watson,Eriogonum kennedyi var. pinicola Reveal,/taxon/urn:lsid:ipni.org:names:95097-2
Eriogonum kennedyi Porter ex S.Watson,Eriogonum kennedyi var. purpusii (Brandegee) Reveal,/taxon/urn:lsid:ipni.org:names:95100-2
Ardisia tahanica King & Gamble,Ardisia tahanica subsp. eucalyptifolia (B.C.Stone) C.M.Hu,/taxon/urn:lsid:ipni.org:names:1010365-1
Ardisia tahanica King & Gamble,Ardisia tahanica subsp. tahanica ,/taxon/urn:lsid:ipni.org:names:77228656-1
Eriogonum lachnogynum Torr. ex Benth.,Eriogonum lachnogynum var. colobum Reveal & A.Clifford,/taxon/urn:lsid:ipni.org:names:60437677-2
Eriogonum lachnogynum Torr. ex Benth.,Eriogonum lachnogynum var. lachnogynum ,/taxon/urn:lsid:ipni.org:names:77230099-1
Eriogonum lachnogynum Torr. ex Benth.,Eriogonum lachnogynum var. sarahiae (N.D.Atwood & A.Clifford) Reveal,/taxon/urn:lsid:ipni.org:names:60436678-2
Eriogonum leptocladon Torr. & A.Gray,Eriogonum leptocladon var. leptocladon ,/taxon/urn:lsid:ipni.org:names:77230909-1
Eriogonum leptocladon Torr. & A.Gray,Eriogonum leptocladon var. papiliunculi Reveal,/taxon/urn:lsid:ipni.org:names:95129-2
Eriogonum leptocladon Torr. & A.Gray,Eriogonum leptocladon var. ramosissimum (Eastw.) Reveal,/taxon/urn:lsid:ipni.org:names:95130-2
Eriogonum leptophyllum (Torr.) Wooton & Standl.,Eriogonum leptophyllum var. leptophyllum ,/taxon/urn:lsid:ipni.org:names:77230733-1
Eriogonum leptophyllum (Torr.) Wooton & Standl.,Eriogonum leptophyllum var. vallis-rubrum Reveal & A.Clifford,/taxon/urn:lsid:ipni.org:names:77135627-1
Ardisia ternatensis Scheff.,Ardisia ternatensis var. forstenii (Scheff.) C.M.Hu,/taxon/urn:lsid:ipni.org:names:1010359-1
Ardisia ternatensis Scheff.,Ardisia ternatensis var. ternatensis ,/taxon/urn:lsid:ipni.org:names:77228619-1
Eriogonum luteolum Greene,Eriogonum luteolum var. caninum (Greene) Reveal,/taxon/urn:lsid:ipni.org:names:919511-1
Eriogonum luteolum Greene,Eriogonum luteolum var. luteolum ,/taxon/urn:lsid:ipni.org:names:77230053-1
Eriogonum luteolum Greene,Eriogonum luteolum var. pedunculatum (S.Stokes) Reveal,/taxon/urn:lsid:ipni.org:names:95155-2
Eriogonum luteolum Greene,Eriogonum luteolum var. saltuarium Reveal,/taxon/urn:lsid:ipni.org:names:276779-2
Eriogonum longifolium Nutt.,Eriogonum longifolium var. gnaphalifolium Gand.,/taxon/urn:lsid:ipni.org:names:95145-2
Eriogonum longifolium Nutt.,Eriogonum longifolium var. harperi (Goodman) Reveal,/taxon/urn:lsid:ipni.org:names:95146-2
Eriogonum longifolium Nutt.,Eriogonum longifolium var. longifolium ,/taxon/urn:lsid:ipni.org:names:77230389-1
Eriogonum marifolium A.Gray,Eriogonum marifolium var. cupulatum (S.Stokes) Reveal,/taxon/urn:lsid:ipni.org:names:60436672-2
Eriogonum marifolium A.Gray,Eriogonum marifolium var. marifolium ,/taxon/urn:lsid:ipni.org:names:77230813-1
Eriogonum microtheca Nutt.,Eriogonum microtheca var. alpinum Reveal,/taxon/urn:lsid:ipni.org:names:888521-1
Eriogonum microtheca Nutt.,Eriogonum microtheca var. ambiguum (M.E.Jones) Reveal,/taxon/urn:lsid:ipni.org:names:95166-2
Eriogonum microtheca Nutt.,Eriogonum microtheca var. arceuthinum Reveal,/taxon/urn:lsid:ipni.org:names:60437661-2
Eriogonum microtheca Nutt.,Eriogonum microtheca var. corymbosoides Reveal,/taxon/urn:lsid:ipni.org:names:888522-1
Eriogonum microtheca Nutt.,Eriogonum microtheca var. johnstonii Reveal,/taxon/urn:lsid:ipni.org:names:888524-1
Eriogonum microtheca Nutt.,Eriogonum microtheca var. lacus-ursi Reveal & A.C.Sanders,/taxon/urn:lsid:ipni.org:names:60437662-2
Eriogonum microtheca Nutt.,Eriogonum microtheca var. lapidicola Reveal,/taxon/urn:lsid:ipni.org:names:888525-1
Eriogonum microtheca Nutt.,Eriogonum microtheca var. laxiflorum Hook.,/taxon/urn:lsid:ipni.org:names:60432054-2
Eriogonum microtheca Nutt.,Eriogonum microtheca var. microtheca ,/taxon/urn:lsid:ipni.org:names:77230633-1
Eriogonum microtheca Nutt.,Eriogonum microtheca var. panamintense S.Stokes,/taxon/urn:lsid:ipni.org:names:290077-2
Eriogonum microtheca Nutt.,Eriogonum microtheca var. phoeniceum (L.M.Shultz) Reveal,/taxon/urn:lsid:ipni.org:names:60436673-2
Eriogonum microtheca Nutt.,Eriogonum microtheca var. schoolcraftii Reveal,/taxon/urn:lsid:ipni.org:names:60437663-2
Eriogonum microtheca Nutt.,Eriogonum microtheca var. simpsonii (Benth.) Reveal,/taxon/urn:lsid:ipni.org:names:95183-2
Eriogonum microtheca Nutt.,Eriogonum microtheca var. tegetiforme S.L.Welsh & N.D.Atwood,/taxon/urn:lsid:ipni.org:names:77098009-1
Eriogonum multiflorum Benth.,Eriogonum multiflorum var. multiflorum ,/taxon/urn:lsid:ipni.org:names:77230406-1
Eriogonum multiflorum Benth.,Eriogonum multiflorum var. riograndis (G.L.Nesom) Reveal,/taxon/urn:lsid:ipni.org:names:60436674-2
Eriogonum nudum Douglas ex Benth.,Eriogonum nudum var. auriculatum (Benth.) J.P.Tracy ex Jeps.,/taxon/urn:lsid:ipni.org:names:95236-2
Eriogonum nudum Douglas ex Benth.,Eriogonum nudum var. decurrens (S.Stokes) M.L.Bowerman,/taxon/urn:lsid:ipni.org:names:60432170-2
Eriogonum nudum Douglas ex Benth.,Eriogonum nudum var. deductum (Greene) Jeps.,/taxon/urn:lsid:ipni.org:names:95237-2
Eriogonum nudum Douglas ex Benth.,Eriogonum nudum var. indictum (Jeps.) Reveal,/taxon/urn:lsid:ipni.org:names:95239-2
Eriogonum nudum Douglas ex Benth.,Eriogonum nudum var. murinum Reveal,/taxon/urn:lsid:ipni.org:names:95240-2
Eriogonum nudum Douglas ex Benth.,Eriogonum nudum var. nudum ,/taxon/urn:lsid:ipni.org:names:77230459-1
Eriogonum nudum Douglas ex Benth.,Eriogonum nudum var. oblongifolium S.Watson,/taxon/urn:lsid:ipni.org:names:95241-2
Eriogonum nudum Douglas ex Benth.,Eriogonum nudum var. paralinum Reveal,/taxon/urn:lsid:ipni.org:names:276787-2
Eriogonum nudum Douglas ex Benth.,Eriogonum nudum var. pauciflorum S.Watson,/taxon/urn:lsid:ipni.org:names:95243-2
Eriogonum nudum Douglas ex Benth.,Eriogonum nudum var. psychicola Reveal,/taxon/urn:lsid:ipni.org:names:77093265-1
Eriogonum nudum Douglas ex Benth.,Eriogonum nudum var. pubiflorum Benth.,/taxon/urn:lsid:ipni.org:names:95245-2
Eriogonum nudum Douglas ex Benth.,Eriogonum nudum var. regirivum Reveal & J.C.Stebbins,/taxon/urn:lsid:ipni.org:names:276788-2
Eriogonum nudum Douglas ex Benth.,Eriogonum nudum var. scapigerum (Eastw.) Jeps.,/taxon/urn:lsid:ipni.org:names:95247-2
Eriogonum nudum Douglas ex Benth.,Eriogonum nudum var. westonii (S.Stokes) J.T.Howell,/taxon/urn:lsid:ipni.org:names:95249-2
Eriogonum nutans Torr. & A.Gray,Eriogonum nutans var. glabratum Reveal,/taxon/urn:lsid:ipni.org:names:95252-2
Eriogonum nutans Torr. & A.Gray,Eriogonum nutans var. nutans ,/taxon/urn:lsid:ipni.org:names:77230670-1
Eriogonum ovalifolium Nutt.,Eriogonum ovalifolium var. caelestinum Reveal,/taxon/urn:lsid:ipni.org:names:95276-2
Eriogonum ovalifolium Nutt.,Eriogonum ovalifolium var. depressum Blank.,/taxon/urn:lsid:ipni.org:names:95281-2
Eriogonum ovalifolium Nutt.,Eriogonum ovalifolium var. eximium (Tidestr.) J.T.Howell,/taxon/urn:lsid:ipni.org:names:95282-2
Eriogonum ovalifolium Nutt.,Eriogonum ovalifolium var. focarium Reveal & Mansfield,/taxon/urn:lsid:ipni.org:names:77135653-1
